序号,区县名称,街道名称,社区名称,类别名,名称（全称）,地址（详细到门牌号）,邮政编码,联系电话,服务项目,服务时间,家政服务
1,东城区,安定门街道,宝钞南社区,家政服务,北京天地洁家政服务有限公司,北京市朝阳区安慧里二区16号楼102室,,64937664,小时工、换煤气、清洗油烟机及灶具维修、电路维修、水暖管道安装及维护、大小家电维修、修脚等,,家政服务
2,东城区,安定门街道,分司厅,家政服务,北京天地洁家政服务有限公司,北京市朝阳区安慧里二区16号楼102室,100009,64937664,小时工、换煤气、清洗油烟机及灶具维修、电路维修、水暖管道安装及维护、大小家电维修、修脚等,08:30-17：00,家政服务
3,东城区,安定门街道,国子监社区,家政服务,北京天地洁家政服务有限公司,北京市朝阳区安慧里二区16号楼102室,,64937664,小时工、换煤气、清洗油烟机及灶具维修、电路维修、水暖管道安装及维护、大小家电维修、修脚等,,家政服务
4,东城区,安定门街道,五道营,家政服务,金桥家政服务公司,东城区箭厂胡同29号,100007,,小时工、换煤气、清洗油烟机及灶具维修、电路维修、水暖管道安装及维护、大小家电维修、等,全天,家政服务
5,东城区,安定门街道,,家政服务,北京应朝辉洗衣行,北京市东城区车辇店胡同21号3208（雍和园）,,64023500,洗衣,8:30-21:30,家政服务
6,东城区,安定门街道,,家政服务,北京天地洁家政服务有限公司,北京市朝阳区安慧里二区16号楼102室,,64937664,小时工、换煤气、清洗油烟机及灶具维修、电路维修、水暖管道安装及维护、大小家电维修、修脚等,,家政服务
7,东城区,安定门街道,国旺,家政服务,北京天地洁家政服务有限公司,北京市朝阳区安慧里二区16号楼102室,,64937664,小时工、换煤气、清洗油烟机及灶具维修、电路维修、水暖管道安装及维护、大小家电维修、修脚等,,家政服务
8,东城区,安定门街道,花园社区,家政服务,北京天地洁家政服务有限公司,北京市朝阳区安慧里二区16号楼102室,,64937664,小时工、换煤气、清洗油烟机及灶具维修、电路维修、水暖管道安装及维护、大小家电维修、修脚等,,家政服务
9,东城区,北新桥街道,民安,家政服务,晨洁保洁服务中心,东扬威5号楼2层,100007,13681106408,卫生保洁及小时工,早7：00-晚11：00,家政服务
10,东城区,北新桥街道,前永康,家政服务,援帮养老助残服务队,北新三巷3号,100007,64027405,上门理发、家政、换煤气、送餐,8：30－17：30,家政服务
11,东城区,北新桥街道,十三条,家政服务,东城区农家女居家养老服务社,东城区东四十三条32号2楼201室,100007,84012511,家政服务,,家政服务
12,东城区,朝阳门街道,史家社区,家政服务,史家社区服务站,史家胡同21号,100010,,提供介绍小时工、保姆、家教,每周一至周五,家政服务
13,东城区,崇外街道,兴隆都市馨园,家政服务,北京泰吉浩天家政服务部,都市馨园10号楼1单元112,100062,67024643,家政服务、打字复印等,周一至周日,家政服务
14,东城区,东花市街道,广渠门外南里社区,家政服务,北京富源腾伟劳务服务有限公司,广渠家园23号楼-1,100022,87512047,家务劳务服务；复印；彩扩；家电维修,9:00-11:30；14:00-17:30,家政服务
15,东城区,东花市街道,南里,家政服务,东花市南里公共服务协会,南里3区1号楼旁平房,100062,67123193,家政服务，老年饭桌,周一至周五,家政服务
16,东城区,东华门街道,南池子社区,家政服务,大成家政服务,南池子大街124号,100006,65120813,家政服务、小时工、保姆等,8：30-17：00,家政服务
17,东城区,东四街道,六条社区,家政服务,东四家政,六条3号,100007,64021141,小时工、家电维修,周一至周日,家政服务
18,东城区,东四街道,五条社区,家政服务,五条家政公司,四条6号,100010,64053784,家政咨询、服务,工作日,家政服务
19,东城区,东四街道,总院社区,家政服务,恩赐月嫂家政服务,东城区朝阳门内北小街2号,100700,64021458,家政服务,工作日,家政服务
20,东城区,东直门街道,胡家园社区,家政服务,真诚家政服务,东外小街10号院,100027,64619295,家政服务,24小时,家政服务
21,东城区,东直门街道,新中街社区,家政服务,阳光都市,新中街18号院,100027,,家政服务,每天,家政服务
22,东城区,和平里街道,柏林,家政服务,和平家政公司,和平里东街9号院4号楼地下室,100013,84217066,职业介绍：保姆、小时工等,周一至周日,家政服务
23,东城区,和平里街道,六铺炕,家政服务,六铺炕社区居委会,安德路乙61号院7号楼,100120,62014792,为居民介绍小时工，保姆等,周一至周五8:30分至11:30分14:00至17:00,家政服务
24,东城区,和平里街道,五区,家政服务,诚信家政,和平里五区5号楼9门102,100013,8421.6562,保姆介绍等服务,365天,家政服务
25,东城区,和平里街道,兴化社区,家政服务,北京阳光薄洒家政服务中心,兴化西里锅炉房引风房,100013,64267820,职业介绍、家政人员登记、介绍等服务,周一至周五：9：30-17：00,家政服务
26,东城区,和平里街道,安贞苑,家政服务,北京禄媛家政服务公司,安定路20号院4号楼205号,100029,64445982,育儿、护工、育儿嫂、小时工、保洁,周一至周日,家政服务
27,东城区,龙潭街道,板厂南里,家政服务,温馨家家政服务,板厂南里12号楼3单元2号地下,100061,67169009,家政服务,9-18点,家政服务
28,东城区,龙潭街道,龙潭北里西,家政服务,万家帮家政服务中心,龙潭北里1条3楼后平房,100061,67167159,提供家政服务,全天,家政服务
29,东城区,前门街道,前东社区,家政服务,北京安京北望家政服务有限公司,西河沿215号地下,100051,67010583,家政服务,周一至周日,家政服务
30,东城区,体育馆路街道,葱店,家政服务,社区家政,法华寺街69号,100061,13552628355,,8:00-17:00,家政服务
31,东城区,永外街道,天天家园社区,家政服务,三乐永外劳动服务管理中心,安乐林路38号,100075,67214352,家政服务,早9点-晚5点,家政服务
32,西城区,白纸坊街道,崇效寺社区,家政服务,北京洪福诚信家政,白纸坊西街27号,100053,85943136,家政服务,长期,家政服务
33,西城区,白纸坊街道,建功南里社区,家政服务,北京康年家政中心,北京市西城区南菜园29号,100054,83537830,居室保洁、钟点工、提供保姆信息等家政服务,,家政服务
34,西城区,白纸坊街道,清芷园社区,家政服务,保丽艳芳家政服务中心,清芷园11号楼A座105,,83501266,保姆、保洁、小时工服务等,8:00-20:00,家政服务
35,西城区,白纸坊街道,新安中里,家政服务,北京市顺和祥适家政服务中心,白纸坊西街46-1、46-2地下一层32号,100054,63580095,家庭服务员、保姆、小时工、月嫂等,,家政服务
36,西城区,白纸坊街道,右内后身社区,家政服务,右内后身社区家政服务站,右内西街丙1号,100054,83512672,介绍保姆、小时工,每周一至周五,家政服务
37,西城区,大栅栏街道,前西社区,家政服务,温情园家政,前门西大街6号楼3门104,100051,63152520,家政服务、小时工,全天,家政服务
38,西城区,大栅栏街道,前西社区,,红人家政服务公司,西河沿180号,100051,63028402,家政服务、小时工,全天,家政服务
39,西城区,德胜街道,德外大街东社区,家政服务,捷足家政,塔院胡同12号院4号楼东侧,100120,82086408,家政服务介绍,每天,家政服务
40,西城区,德胜街道,新外大街北社区,家政服务,阳光四季家政,新外大街甲8号16楼9门门前平房,100088,82249438,家政服务,8：00-19：00,家政服务
41,西城区,德胜街道,阳光丽景社区,家政服务,北京盛世物业有限公司家政部,黄寺大街23号院C座东一层,100120,82235151,为居民提供家政服务,8-21:00,家政服务
42,西城区,德胜街道,裕中西里社区,家政服务,得胜好运信息咨询有限公司,裕中西里庚35号,100029,,,,家政服务
43,西城区,广安门内街道,老墙根社区,家政服务,老墙根社区家政服务队,老墙根59号旁门,100053,63170868,小时工、家政服务,每天,家政服务
44,西城区,广安门外街道,车站西街15号院社区,家政服务,生平礼仪家政,"小红庙17号楼南侧
（广外一小南100米）",100055,13522137848,保姆、小时工、月嫂,周一至周五上午9:00至下午5:00,家政服务
45,西城区,广安门外街道,红莲北里社区,家政服务,爱侬家政服务公司,红莲北里10号楼,100055,63433403,保洁、保姆招工,8：00-17:30,家政服务
46,西城区,广安门外街道,乐城社区,家政服务,可和平家政,乐城1号楼东侧,100055,15201033184,家政服务,9:00-18:00,家政服务
47,西城区,广安门外街道,马中里社区,家政服务,广外社区中心小时工,广外马中里一区1号楼,100055,63311165,小时工服务,9:00——18:00,家政服务
48,西城区,广安门外街道,三义里社区,家政服务,和谐家政服务有限公司,三义里8号楼底商,100055,63484959,家政、婚介、婚庆、职介,每日,家政服务
49,西城区,广安门外街道,湾子街社区,家政服务,东方爱都家政服务中心,宣武马连道11号一商大厦十层1018,100055,63340626,家政服务、小时工、保姆服务等,9：00-18：00,家政服务
50,西城区,广安门外街道,鸭子桥社区,家政服务,北京迅风时代家政服务中心,鸭子桥南里1-1-101,100055,51920012,小时工、保洁,早9:00-晚7:00,家政服务
51,西城区,金融街街道,受水河社区,家政服务,爱芳馨家政,众益胡同6号,100031,13146530507,小时工、保姆、月嫂,周一至周五,家政服务
52,西城区,牛街街道,春风社区,家政服务,恩典家政,牛街东里二区2号楼底商,100053,,清真服务网点。提供家政服务,工作日,家政服务
53,西城区,牛街街道,枫桦社区,家政服务,枫桦社区修车服务,西转胡同2号院8-1,100052,83998598,修车、义务打气,9:00-11:302:00-5:30,家政服务
54,西城区,牛街街道,南线阁社区,家政服务,海华春天,南线里4号楼二层,100053,83520227,月嫂、小时工、保姆,周一至周五,家政服务
55,西城区,什刹海,西安门社区,家政服务,守正明家政服务部,西安门大街80号,100034,66017227,家政服务,8：30-17：00,家政服务
56,西城区,什刹海,爱民街社区,家政服务,家和兴丰家政服务部,爱民里8号楼2门204号,100034,66166082,为居民提供保姆、月嫂等家政服务,每天,家政服务
57,西城区,什刹海,鼓西社区,家政服务,国梦家政公司,鼓西大街153号,100009,64041883,家政服务（保姆、小时工）,全天,家政服务
58,西城区,什刹海,簸箩仓社区,家政服务,三建家政公司,三不老胡同12号,100035,66182294,保洁、护理、提供保姆、小时工服务,周一至周日,家政服务
59,西城区,什刹海,兴华社区,家政服务,助人乐家政服务公司,东官房胡同17号,100009,66124055,家政服务,周一到周日,家政服务
60,西城区,什刹海,松树街社区,家政服务,老百姓家政务服务中心,刘海胡同34号,100009,83224933,职业介绍、家政服务,全天,家政服务
61,西城区,什刹海,柳荫街社区,家政服务,柳荫街家政服务,西城区柳荫街甲7号,100009,83224849,提供家庭保姆、小时工,全天,家政服务
62,西城区,陶然亭街道,黑窑厂社区,家政服务,千禧精英家政服务中心,西城区四平园小区1号楼-1号,100052,63547492,家政服务,早9:00至晚5:00,家政服务
63,西城区,天桥街道,香厂路社区,家政服务,大成家政服务,香仁胡同25号,100050,63177455,保姆、小时工介绍,早8点至晚6点,家政服务
64,西城区,天桥街道,先农坛社区,家政服务,北京阳光美乐家政服务中心,西城区南纬路10号楼南侧,100050,63013121,家政服务介绍,8:30——20:30,家政服务
65,西城区,天桥街道,天桥小区,家政服务,方圆家政,西城区天桥斜街11号,100050,13552943472,家政服务,9:00--17:00,家政服务
66,西城区,天桥街道,留学路社区,家政服务,爱居缘家政,西城区铺陈市胡同65号,100050,63030131,保姆、做饭、杂工、护理、保洁,每天8:30—19:30,家政服务
67,西城区,西长安街街道,南北长街社区,家政服务,社区家政服务,南长街62号,100031,66055408,为社区居民提供家庭服务项目,早9-晚5,家政服务
68,西城区,新街口街道,南小街社区,家政服务,北京中德天元爱心劳务家政公司,西城区南小街晓安胡同甲6号,100035,66188330,小时工，保洁，保姆，做饭,全天,家政服务
69,西城区,月坛街道,汽南社区,家政服务,可心家政服务,白云路西里,100045,63396955,,周一至周五,家政服务
70,西城区,月坛街道,三里河一区社区,家政服务,居安康家政服务有限责任公司,三里河一区5-1,100045,68579099,,,家政服务
71,西城区,月坛街道,铁道部第二住宅区铁二、二社区,家政服务,北京金助友家政服务公司,二七据场路甲4号,100045,68021243,,,家政服务
72,西城区,月坛街道,三区一社区,家政服务,北京市川正情家政服务中心,三里河三区31楼1门5号,100045,68414665,保姆小时工,,家政服务
73,西城区,月坛街道,南沙沟社区,家政服务,南沙沟社区家政服务,南沙沟社区18号楼,100045,68523474,送奶、理发,周一至周五,家政服务
74,西城区,月坛街道,三里河二区,家政服务,北京时尚美都百货店,三里河二区西1号楼126号,100045,68515882,,9：00—17：30,家政服务
75,西城区,展览路街道,黄瓜园社区,家政服务,诚与情家政,百万庄南里8号-1（甘家口大厦往南100米路东）,,82628379,,8:00-19:00,家政服务
76,西城区,展览路街道,露园社区,家政服务,晟月洁,展览馆路39号楼,,,,8;30-17;00,家政服务
77,朝阳区,奥运村街道,风林绿洲社区,家政服务,风林绿洲家政服务,风林绿洲9号楼东侧,100105,64837335,家政服务,周一到周五,家政服务
78,朝阳区,奥运村街道,大羊坊社区,家政服务,北京侬职苑家政服务有限公司,大羊坊甲2号院学校底商,100012,84921501-6607,保姆、打扫卫生、做饭,正常上班时间,家政服务
79,朝阳区,奥运村街道,南沙滩社区,家政服务,北京乐陶然商行,南沙滩5号楼北侧,100101,13691024208,家政服务,早8:30-17:00,家政服务
80,朝阳区,奥运村街道,绿色家园社区,家政服务,美宅美嘉家政服务有限公司,北京市朝阳区奥运村街道绿色家园社区天月园1号楼一单元三层,100107,84938908,保姆、小时工、开荒,9:00-17:00,家政服务
81,朝阳区,奥运村街道,万科星园社区,家政服务,欣亚中家政服务,万科星园1号楼地下一层,100107,84907106,保姆，小时工等家政服务,全日,家政服务
82,朝阳区,奥运村街道,绿色家园社区,家政服务,信和家政,天居园3号楼B1层,100107,84829005,小时工、保姆、新居开荒、擦洗油烟机,24小时,家政服务
83,朝阳区,大屯街道,慧忠北里第一社区,家政服务,▲维嘉缘家政公司,慧忠北里312楼1902号,100012,64809359,家政,,家政服务
84,朝阳区,大屯街道,慧忠北里第二社区,家政服务,九龙物业家政,慧忠北里118楼-8-101,,64836597,提供家政服务,8:30至11:30、13:30至17:00,家政服务
85,朝阳区,大屯街道,安逸社区,家政服务,北京华夏老乡家政服务有限公司,朝阳区安慧北里逸园24号楼109,100101,64962262,住家保姆、全日工、半日工、小时工。为客户提供专业清洗油烟机、杀虫、搬运、接送小孩上下学等服务。,9:00-17:00,家政服务
86,朝阳区,大屯街道,育慧西里社区,家政服务,凤桐祥家政服务公司,小营路9号C座五层,100101,64897909,提供家政服务、居家养老合作单位,9:00-17:30,家政服务
87,朝阳区,大屯街道,大屯里社区,家政服务,爱浓情缘家政,中灿苑物业楼一层111号,100012,84802238,家政服务,全天,家政服务
88,朝阳区,大屯街道,欧陆经典社区,家政服务,北京嘉佣坊家政服务有限公司,北苑路170号2号楼1-103,100101,13910037408,为社区居民提供各种家政服务,周一至周日，早8：30--17：00,家政服务
89,朝阳区,东湖街道,欧陆经典社区,家政服务,北京颂福爱生家政服务中心,北京市朝阳区上京新航线306楼1-705,100102,84674379,家政服务,9:00-18:00,家政服务
90,朝阳区,东湖街道,欧陆经典社区,家政服务,北京理想家家政服务部,北京市朝阳区六佰本商业街南区二层,100102,57223706,家政服务,9:00-18:00,家政服务
91,朝阳区,东湖街道,欧陆经典社区,家政服务,社区家政服务,利泽西园一区107楼,100102,,家政、保洁,全天,家政服务
92,朝阳区,垡头街道,翠城雅园社区,家政服务,翠城家政,翠城201号楼底商,100023,67364511,清洁、小时工、维修等,全天,家政服务
93,朝阳区,垡头街道,二区社区,家政服务,福乘福家政服务有限责任公司,金北15号楼底商,100023,67384524,家政服务、维修,上午8:00-下午5:00,家政服务
94,朝阳区,垡头街道,金蝉北里社区,家政服务,福乘福家政服务公司,金蝉北里15楼底商,100023,67384524,家政服务,,家政服务
95,朝阳区,垡头街道,垡头三区社区,家政服务,垡头福成福家政服务中心,垡头金蝉北里15楼底商,100023,67384524,清洗抽油烟机、清理房间,早9-下午6点,家政服务
96,朝阳区,垡头街道,垡头北里社区,家政服务,天成合家政房产信息部,垡头北里1-1-102,100023,67378203,提供介绍保姆、小时工、房地产的信息,8小时/天,家政服务
97,朝阳区,和平街街道,,家政服务,民家乐家政服务,胜古南里13楼前平房,100029,64441057,介绍保姆、小时工,24小时,家政服务
98,朝阳区,和平街街道,,,爱农家政和平街分部,和平街10区1号楼东2楼,100013,64229660,介绍保姆、家庭清洁,早8点30-晚6点,家政服务
99,朝阳区,和平街街道,,,北京家家好帮手家政服务中心,和平街11区3号楼1门1号,100013,13910199136,介绍保姆、家庭清洁,早8点30-晚6点,家政服务
100,朝阳区,呼家楼街道,呼南社区,家政服务,爱侬家政,呼家楼南里20楼对面平房,100026,65043410,小时工、护工,9点至18点,家政服务
101,朝阳区,首都机场街道,南路东里社区,家政服务,吉祥家政,机场派出所对面,100621,64570772,涉外家政、家庭维修等,24小时,家政服务
102,朝阳区,首都机场街道,南路西里社区,家政服务,安婴奥特机场家政服务中心,南路西里1#楼北侧保洁队办公楼二层,100621,64573709,涉外家政、家庭维修等,24小时,家政服务
103,朝阳区,建外街道,,家政服务,爱侬家政,蓝堡公寓S226,100026,85997646,家政服务,,家政服务
104,朝阳区,建外街道,,家政服务,建外街道社区服务中心,建国路88号现代城小区停车楼,100022,85802709,家政,工作日,家政服务
105,朝阳区,劲松街道,农光里社区,家政服务,悦佳福家政服务公司,农光里25楼24号,100021,15699919886,提供保姆、小时工等服务,,家政服务
106,朝阳区,劲松街道,西社区,家政服务,,劲松八区816楼北侧,100021,,介绍保姆、小时工等,早9时至6时,家政服务
107,朝阳区,六里屯街道,晨光社区,家政服务,红人家政,十里堡南区6号楼底商,100025,85843099,介绍小时工、保姆,8：30-17：01,家政服务
108,朝阳区,六里屯街道,六里屯北里社区,家政服务,北京市爱侬家政服务有限责任公司六里屯分部,六里屯6号楼108号,100026,65089735,家政服务；小时工、月嫂中介,9:00至17:00,家政服务
109,朝阳区,六里屯街道,秀水园社区,家政服务,北京市爱百年文化艺术中心月嫂部,水碓子北里甲11号,100026,85984268,月嫂服务,全天,家政服务
110,朝阳区,麦子店街道,农南社区,家政服务,"北京欣悦佳洁家政
服务有限公司",团结湖北5条1号楼102室,100125,85969903,保姆,24小时,家政服务
111,朝阳区,麦子店街道,农南社区,家政服务,"北京王大姐劳动
服务中心","北京市朝阳区团结湖北三
条11号楼4单元103号",100125,85519089,职业介绍，家政服务,24小时,家政服务
112,朝阳区,麦子店街道,枣北社区,家政服务,"金月人力资源（北
京）有限公司","朝阳公园西路15号楼龙阁
公寓201室",100125,58670272、58670271、65865870,家政服务,9:00—18:00,家政服务
113,朝阳区,潘家园街道,,家政服务,北京金贝贝月护家政服务有限公司,北京市朝阳区华威西里37号楼附楼,100021,67760594,劳务服务,9：00-17：00,家政服务
114,朝阳区,潘家园街道,,,北京立兴德隆劳务服务有限公司,朝阳区潘家园58楼401号,100021,67157298,家务劳动服务家居装饰,9：00-17：00,家政服务
115,朝阳区,潘家园街道,,,北京早教之家教育科技有限责任公司,北京市朝阳区潘家东里12号楼809号,100021,87402735,家政,9：00-17：00,家政服务
116,朝阳区,潘家园街道,,,北京布莱特雷科技有限公司教育咨询中心,松榆北路5号楼208号,100021,81825665,家政服务,9：00-17：00,家政服务
117,朝阳区,双井街道,百子园社区,家政服务,百子园社区劳动平台失业人员劳动介绍,北京市朝阳区百子湾16号百子园19号楼百子园社区居委会一层,100124,87732294,为小区居民提供家政服务,周一至周五早9点至12点，下午2点到6点,家政服务
118,朝阳区,双井街道,光环社区,家政服务,双花园社区家政服务,双花园南里一区1号楼底商,100022,67399424,家政服务,8:30-17:30,家政服务
119,朝阳区,双井街道,九龙社区,家政服务,便民服务,双井北里12楼前,100022,58264834,修锁、修鞋、修车,8:30-20:00,家政服务
120,朝阳区,双井街道,九龙南社区,家政服务,双井街道社区服务中心,广渠门外大街5号院富力D区综合配套楼,100022,58765169,清洗油烟机、维修水暖、电脑、家政等服务。,每周一至周五早8点半至11点半，下午1点半至5点半。,家政服务
121,朝阳区,双井街道,双花园社区,家政服务,丰圆顺家政公司,广外大街31号,100022,13811812516,小时工、月嫂、楼院开荒、陪护、小家电维修,早9至晚7,家政服务
122,朝阳区,团结湖街道,,家政服务,北京希望家政有限公司,水碓子16号楼北侧爱心家园院内,100026,85966175,家政、小时工、维修、疏通管道,周一至周日,家政服务
123,朝阳区,望京社区,,家政服务,爱侬家政服务公司,西园四区425楼一层,100102,64730327,家长服务,9:00-17:00,家政服务
124,朝阳区,望京社区,,家政服务,岑洁家政,南湖东园二区210-7-402,110102,64701637,家政服务,,家政服务
125,朝阳区,望京社区,,家政服务,北京诚达瑞家家政劳务服务有限责任公司,望京西园三区330—203,100102,57215731,家政服务,8：30-17：00,家政服务
126,朝阳区,望京社区,,家政服务,达源家政,南湖西园132楼106室,100102,84715530,家政服务,早8:30至17:00,家政服务
127,朝阳区,香河园街道,西坝河南里社区,家政服务,北京爽旺家政服务有限公司,南里4号楼3门103室,100028,64687201,保姆、小时工、家电维修、装修、月嫂,全周8点-18点,家政服务
128,朝阳区,香河园街道,西坝河中里社区,家政服务,佳和乐家政,中里2号楼前平房,100028,64606379,家政服务,8:30-17:00,家政服务
129,朝阳区,亚运村街道,安慧里社区,家政服务,北京青松老年看护服务有限公司,安慧里2区2号楼,100101,84477664,专业护士为老人专业护理服务,,家政服务
130,朝阳区,亚运村街道,北辰东路社区,家政服务,华夏中青家政连锁,北辰东路八号院辰运大厦416,100101,84981050,保姆、月嫂、小时工、保洁、育婴师新居开荒,9:00—17:00,家政服务
131,朝阳区,亚运村街道,安苑里社区,家政服务,天罡家政,安北10号楼负一层,100029,64812305,小时工等,,家政服务
132,朝阳区,左家庄街道,静安里社区,家政服务,静安里社区,静安里甲6号,100028,84511814,家政服务,周一至周五,家政服务
133,朝阳区,左家庄街道,左东里社区,家政服务,勤勤家政,左东里2号楼1层,100028,64686860,提供钟点服务,"每天
9:00-21:00",家政服务
134,朝阳区,左家庄街道,三源里社区,家政服务,北京贺康泰家务服务中心,三源里街8号楼,100027,84516180,小时工、保姆等家政服务介绍,"8:00-17:00
",家政服务
135,朝阳区,左家庄街道,三源里社区,家政服务,友和助民家政服务中心,三源里街21号东侧,100027,64646090,小时工、保姆等家政服务介绍,"8:00-17:00
",家政服务
136,朝阳区,左家庄街道,曙光里社区,家政服务,兵姐姐家政服务,西坝河东里10号楼,100028,84519188,家政服务,9:00－17:00,家政服务
137,丰台区,大红门街道,彩虹城社区,家政服务,亿鑫亮洁保洁公司,丰台区光彩路67号院1号楼底商,100075,87866449,小时工、擦玻璃、地板打蜡、清洗地毯居室开荒等,周一至周日全天,家政服务
138,丰台区,大红门街道,果园社区,家政服务,左邻右居家政服务公司,骏景园北区A座2205室,100068,87806130,小时工/保洁员等家政服务,,家政服务
139,丰台区,东高地街道,三角地第一社区,家政服务,罗姐家政服务,三角地第一社区34栋北平房,100076,13240438403,介绍保姆、小时工,工作日,家政服务
140,丰台区,东高地街道,万源东里社区,家政服务,万源家政,62栋一层,100076,68754441-12,家政服务,8:30—17:00,家政服务
141,丰台区,东铁匠营街道,木樨园第一社区,家政服务,欧芳家政服务公司,西木樨园6号楼1门001,100075,67214702,家政、小时工,周一至周日,家政服务
142,丰台区,东铁匠营街道,横七条路第一社区,家政服务,湘君丽君家政信息服务中心,横七条11号,100079,67673234,,,家政服务
143,丰台区,东铁匠营街道,四方景园社区,家政服务,北京圣洁纪平保洁有限公司,四方景园五区1号楼西侧一层,100164,87644185,保洁、保姆,周一至周日,家政服务
144,丰台区,东铁匠营街道,同仁园社区,家政服务,海拓家政（外社区）,蒲安里29号楼50米30号院内,100075,87674237,家政服务、疏通管道、介绍保姆,全年开放,家政服务
145,丰台区,东铁匠营街道,蒲安里第二社区,家政服务,东铁匠营街道社区服务中心,蒲安东里8号楼一层街面,100075,67698191,家政服务，96156热线服务,"每周一至周五
",家政服务
146,丰台区,东铁匠营街道,蒲黄榆第二社区,家政服务,蒲黄榆第二社区服务站,蒲四里6楼南侧,100075,67642500,介绍小时工,,家政服务
147,丰台区,东铁匠营街道,蒲黄榆第三社区,家政服务,海拓劳务派遣有限责任公司,蒲黄榆四里甲3号,100075,87674237,介绍保姆、小时工、家政服务等,全年,家政服务
148,丰台区,方庄街道,芳城园二区,家政服务,芳城园二区家政服务,芳城园二区6号楼103,100078,67624599,家政服务、小时工、保姆,周一至周日工作时间,家政服务
149,丰台区,方庄街道,芳群园一区,家政服务,博鑫鸿运家政服务公司,芳群园一区时代芳群1-2门负一层,100078,87637228,家政服务,周一至周日,家政服务
150,丰台区,方庄街道,芳群园一区,家政服务,"
北京天成嘉易家政","
芳群园一区时代芳群2-1门负一层",100078,"
13641209381",家政服务,周一至周日,家政服务
151,丰台区,方庄街道,芳星园三区社区,家政服务,心语家政,芳星园三区10号楼地下室,100078,67602198,家政服务,全天,家政服务
152,丰台区,方庄街道,芳城园一区,家政服务,百多亲家政服务,芳城园1区10#1层底商,100078,67696991,家政、保洁服务,9:00-17:00,家政服务
153,丰台区,方庄街道,紫芳园社区,家政服务,"家家喜家政服务公司
华夏中青家政服务公司","紫芳园一区7号楼地下室
分中寺7号",100078,87651553、13401114238,保姆、月嫂、小时工、保洁等,全天,家政服务
154,丰台区,丰台街道,新华街北社区,家政服务,北京福满润家政服务有限责任公司,新华街三里8#楼地下室,100070,13466738179,家务保洁、接送小孩、小时工、家教、新居开荒等,全天,家政服务
155,丰台区,和义街道,和义西里第二社区,家政服务,同信诚家政服务中心,和义西里四区4号楼北侧,100076,67964146,家政服务,常年,家政服务
156,丰台区,卢沟桥街道,卢沟桥社区,家政服务,北京瑞立佳保洁公司,莲香园小区2-106,100161,63993905,社区环境维护、保洁、小时工服务,早8点-晚5点,家政服务
157,丰台区,卢沟桥街道,六里桥社区,家政服务,六里桥社区家政服务中心,六里桥北里15号楼平房,100161,63311027,清洁、维修、保姆等服务项目,全天,家政服务
158,丰台区,卢沟桥街道,长安新城社区,家政服务,北京市安城家政服务有限公司,丰台区大成南里一区21号楼2-3,100141,68691158,家政服务,全天,家政服务
159,丰台区,马家堡街道,城南嘉园社区,家政服务,家家净家政公司,益城园11号楼底商,100068,67539177,家政服务、小时工等,工作日,家政服务
160,丰台区,马家堡街道,嘉园三里社区,家政服务,碧连天家政服务公司,嘉园三里2号楼南侧平房,100067,,家政服务,周一到周日,家政服务
161,丰台区,马家堡街道,双晨社区,家政服务,北京万家幸福家政服务有限公司,角门西里25号楼3门201号,100068,67220355,小时工、保姆服务,全天,家政服务
162,丰台区,马家堡街道,星河苑社区,家政服务,星河苑玺萌家政服务,星河苑2号院16号楼B1层,100068,67527470,提供星河苑小区家政服务,8：00——17：00,家政服务
163,丰台区,南苑街道,东新华社区,家政服务,睿智家政公司,丰台区南苑警备东路229号,100076,67940802,保姆、月嫂、钟点工、保洁,周一至周日,家政服务
164,丰台区,南苑街道,东新华社区,家政服务,顺民家政公司,丰台区南苑警备东路213号,100076,67975527,保姆、月嫂、钟点工、保洁,周一至周日,家政服务
165,丰台区,南苑街道,东新华社区,家政服务,爱心萍聚家政服务,丰台区北里综合楼12号,100076,67971975,保姆、月嫂、钟点工、保洁,周一至周日,家政服务
166,丰台区,南苑街道,机场社区,家政服务,苑玉声家政服务公司,南苑警备东路六号一区,100076,13691528006,家政保洁、保姆、小时工等,上午：8:30-11：30下午14:30-17:00,家政服务
167,丰台区,太平桥街道,太平桥南里社区,家政服务,京卫人力资源管理有限公司,糖人街商务写字楼A318,100073,13901166855,针对医院配送和管理护工等,9:00-17:00,家政服务
168,丰台区,太平桥街道,中里社区,家政服务,丰圆顺家政服务公司,丰台区西客站南广场大中电器,100073,82624709,家政服务,周一至周日8：-18:00,家政服务
169,丰台区,宛平城地区,沸城社区,家政服务,北京市宛平城社区服务中心,晓月苑东路游泳馆南侧红楼,100165,6377.738,保洁、维修，代换煤气，小时工,周一至周五,家政服务
170,丰台区,宛平城地区,城南社区,家政服务,北京市宛平城社区服务中心,晓月苑东路游泳馆南侧红楼,100165,6377.738,保洁、维修，代换煤气，小时工,周一至周五,家政服务
171,丰台区,宛平城地区,老庄子社区,家政服务,北京市宛平城社区服务中心,晓月苑东路游泳馆南侧红楼,100165,6377.738,保洁、维修，代换煤气，小时工,周一至周五,家政服务
172,丰台区,宛平城地区,宛平城社区,家政服务,北京市宛平城社区服务中心,晓月苑东路游泳馆南侧红楼,100165,6377.738,保洁、维修，代换煤气，小时工,周一至周五,家政服务
173,丰台区,宛平城地区,晓月苑第二社区,家政服务,北京市宛平城社区服务中心,晓月苑东路游泳馆南侧红楼,100165,6377.738,保洁、维修，代换煤气，小时工,周一至周五,家政服务
174,丰台区,宛平城地区,晓月苑社区,家政服务,北京市宛平城社区服务中心,晓月苑东路游泳馆南侧红楼,100165,6377.738,保洁、维修，代换煤气，小时工,周一至周五,家政服务
175,丰台区,宛平城地区,城北社区,家政服务,北京市宛平城社区服务中心,晓月苑东路游泳馆南侧红楼,100165,6377.738,保洁、维修，代换煤气，小时工,周一至周五,家政服务
176,丰台区,西罗园街道,马家堡东里社区,家政服务,心悦缘家政服务公司,马东里15区院内,100068,,家政服务,,家政服务
177,丰台区,西罗园街道,西罗园第四社区,家政服务,北京龙琪春领航家政服务中心,西罗园四区14号楼底商,100077,87299877,提供家政服务服务员,,家政服务
178,丰台区,新村街道,丰西社区,家政服务,无,无,100070,无,无,无,家政服务
179,丰台区,新村街道,科学城第二社区,家政服务,科学城家政服务公司,丰台区恒富街2号东,100070,63798274,家政服务,周一至周日,家政服务
180,丰台区,新村街道,明春苑社区,家政服务,明春苑社区服务站,明春东园19号楼旁平房,100160,83709165,居民服务,2010.7至现在,家政服务
181,丰台区,新村街道,桥梁厂第二社区,家政服务,桥梁厂第二社区社区服务中心,新村二里桥二居委会门口,100070,63739851,家政人才登记、家政服务需求登记、家政服务中介,每周一至周五,家政服务
182,丰台区,新村街道,万柳园社区,家政服务,万柳园社区家政服务站,万柳园小区1号楼,100070,63300275,,8小时,家政服务
183,丰台区,新村街道,怡海花园社区,家政服务,昱萱家政、中联怡海家政,怡海路3号,100070,13701177329,,,家政服务
184,丰台区,右安门街道,翠林二里社区,家政服务,右安门街道服务中心,右安门外大街玉林里37号楼,100069,63056704,家政、保洁、送水等,全天,家政服务
185,丰台区,右安门街道,翠林三里社区,家政服务,右安门街道服务中心,右安门外大街玉林里37号楼,100069,63056704,家政、保洁、送水等,全天,家政服务
186,丰台区,右安门街道,开阳里第二社区,家政服务,开阳里第二社区巾帼园家政服务,开阳里三区1号楼2门108室,100069,63572118,下岗失业人员提供就业家政服务,每周一至周五,家政服务
187,丰台区,右安门街道,开阳里第四社区,家政服务,右安门街道社区服务中心,右外大街玉林里小区37号楼,100069,63056704,家政、保洁、送水等,全天,家政服务
188,丰台区,右安门街道,开阳里第一社区,家政服务,右安门街道社区服务中心,右外大街玉林里小区37号楼,100069,63056704,家政、保洁、送水等,全天,家政服务
189,丰台区,右安门街道,西铁营社区,家政服务,右安门街道社区服务中心,右外大街玉林里小区37号楼,100069,63056704,家政、保洁、送水等,全天,家政服务
190,丰台区,右安门街道,永乐社区,家政服务,右安门街道社区服务中心,右外大街玉林里小区37号楼,100069,63056704,家政、保洁、送水等,全天,家政服务
191,丰台区,右安门街道,玉林东里二区,家政服务,右安门街道社区服务中心,右外大街玉林里小区37号楼,100069,63056704,家政、保洁、送水等,全天,家政服务
192,丰台区,右安门街道,玉林东里一区,家政服务,北京丰新村劳务服务中心凤华巢分中心,玉林东里一区8号楼设备层,100069,63051200,信息咨询、物业管理、婚介服务,每天,家政服务
193,丰台区,右安门街道,玉林里社区,家政服务,右安门街道社区服务中心,右外大街玉林里小区37号楼,100069,63056704,家政、保洁、送水等,全天,家政服务
194,丰台区,右安门街道,玉林西里社区,家政服务,右安门街道社区服务中心,右外大街玉林里小区37号楼,100069,63056704,家政、保洁、送水等,全天,家政服务
195,丰台区,右安门街道,翠林一里社区,家政服务,右安门街道服务中心,右安门外大街玉林里37号楼,100069,63056704,家政、保洁、送水等,全天,家政服务
196,丰台区,右安门街道,东滨河路社区,家政服务,右安门街道社区服务中心,右外大街玉林里小区37号楼,100069,63056704,家政、保洁、送水等,全天,家政服务
197,丰台区,右安门街道,东庄社区,家政服务,右安门街道社区服务中心,右外大街玉林里小区37号楼,100069,63056704,家政、保洁、送水等,全天,家政服务
198,丰台区,右安门街道,开阳里第三社区,家政服务,右安门街道社区服务中心,右外大街玉林里小区37号楼,100069,63056704,家政、保洁、送水等,全天,家政服务
199,丰台区,右安门街道,玉林东里三区社区,家政服务,右安门街道社区服务中心,右外大街玉林里小区37号楼,100069,63056704,家政、保洁、送水等,全天,家政服务
200,丰台区,云岗街道,翠园社区,家政服务,云岗街道社区服务中心,丰台区云岗北区西里11号,100074,68374743,家政服务介绍、96156热线等,上午:8:30至11:30下午13:30至17:00,家政服务
201,丰台区,云岗街道,北区社区,家政服务,云岗街道社区服务中心,北京市丰台区云岗北区西里11号,100074,68374743,小时工、保姆,8：30~11：00，13：30~17：00,家政服务
202,丰台区,长辛店街道,长辛店北关社区,家政服务,王艳茹家政公司,长辛店大街10号,100072,51156867,做饭、洗衣服、保姆,全天,家政服务
203,丰台区,长辛店街道,陈庄社区,家政服务,永善家政服务社,长辛店永兴里2楼,100072,13671007551,房屋出租、家电维修、清洗油烟机、婚恋交友、日常清洁、保姆、月嫂介绍等,早8：30--晚5：30,家政服务
204,丰台区,长辛店街道,东山坡社区,家政服务,东山坡社区家政服务,曹家口43号,100072,13911885563,保姆婚介,周一至周日,家政服务
205,丰台区,长辛店街道,杜家坎社区,家政服务,舒安放家政服务有限公司,丰台区长辛店杜家坎15号院,100072,83844693,家政服务、护理、保洁,,家政服务
206,丰台区,长辛店街道,合成公社区,家政服务,段大姐家政,北京市丰台区长辛店大街308号,100072,83840317,家政服务,周一至周五,家政服务
207,丰台区,长辛店街道,南墙缝社区,家政服务,南墙缝社区家政服务,丰台区长辛店南关西里8号,100072,83861643,介绍家政服务,早8点至晚6点,家政服务
208,丰台区,长辛店街道,装工院社区,家政服务,金槐岭家政服务中心,槐树岭三号院生活服务楼二层,100072,66862940,家政、维修、家装及装饰、搬家拉货、为老服务、健康咨询、废品回收。,工作日,家政服务
209,丰台区,长辛店街道,装技所社区,家政服务,金槐岭家政服务中心,槐树岭三号院11楼2层,100072,66862094,,9：00－17：30,家政服务
210,石景山区,八角街道,八角南里社区,家政服务,石景山区妇女儿童活动中心家政婚介服务部,八角西街46号,100043,68875501,小时工、家政服务,周一至周日工作时间,家政服务
211,石景山区,八角街道,古城南路,家政服务,北京市爱侬家政服务有限责任公司,古城南路52栋16号,100043,68848044,劳务服务打字复印,周一-周日,家政服务
212,石景山区,八角街道,公园北社区,家政服务,爱侬家政服务,古城路67栋西侧,100043,68810929,介绍保姆、小时工,全天,家政服务
213,石景山区,老山街道,老山西里社区,家政服务,天天服务社,西里邮局旁边,100049,,电器修理，送水，小时工,上午8点—晚上7点,家政服务
214,石景山区,老山街道,玉泉西路社区,家政服务,玉泉西路社区家政服务点,玉泉西街1号院平房35号,100049,88258356,保姆、护工、送水、钟点工等服务,每天,家政服务
215,石景山区,鲁谷街道,双锦园社区,家政服务,,石景山区永乐西区2号楼物业站,100040,68636674,介绍家庭保姆等,每周一至七日,家政服务
216,石景山区,鲁谷街道,五芳园社区,家政服务,嘉和莲芳,26-8-102,100040,68629449,家政服务,9:30-19:30,家政服务
217,石景山区,鲁谷街道,五芳园社区,家政服务,家政服务,29-8-101,100040,68650939,家政服务,9:30-19:30,家政服务
218,石景山区,苹果园街道,苹三社区,家政服务,北京芳芳暖心家政服务中心,苹果园三区12栋1104号,100144,13521786123,家政服务14项,按需,家政服务
219,石景山区,苹果园街道,苹三社区,家政服务,西友莲家政服务中心,苹果园三区17栋105号,100144,13051974115,家政服务7项,按需,家政服务
220,石景山区,苹果园街道,苹一社区,家政服务,爱家乐缘家政服务中心,石景山区苹果园一区20栋北,100041,68811116,家政服务,8:00-6:00,家政服务
221,石景山区,苹果园街道,苹一社区,家政服务,社区家政,石景山区苹果园南路23号122,100041,88931379,家政服务,9:00-5:30,家政服务
222,石景山区,苹果园街道,苹一社区,家政服务,天使家政服务,石景山区苹果园南路23号118,100041,88932673,家政服务,9:00-5:30,家政服务
223,石景山区,苹果园街道,西黄村社区,家政服务,家政服务,西黄村63号,100144,13693374434,小时工、房屋出租,,家政服务
224,石景山区,苹果园街道,西山枫林一社区,家政服务,春光家美家政,香山南路168号院底商105,100144,88782914,为小区居民提供家政服务,9：00-17：00,家政服务
225,石景山区,五里坨街道,联勤部社区,家政服务,爱依农家政服务站,联勤部社区居委会,100042,66384482,介绍钟点工、月嫂、保母等,"星期一至星期五
9:00-17:00",家政服务
226,门头沟区,大峪街道,葡东社区,家政服务,石龙葡东物业公司,葡东社区院内13号楼旁平房,102308,61865794,简单维修、家政服务,工作日,家政服务
227,门头沟区,大峪街道,双峪社区,家政服务,北京戈壁青青家政,双峪路6号北第三间,102300,69865384,保姆、小时工、专业保洁,8：00-18：00,家政服务
228,门头沟区,大峪街道,向阳社区,家政服务,居家顺保洁服务中心,向阳楼5-1-1,102300,69846286,家政服务,全天,家政服务
229,门头沟区,大峪街道,向阳社区,家政服务,向阳社区博爱义工站,向阳1号楼东侧,102300,69825840,家政服务,全天,家政服务
230,门头沟区,大峪街道,月季园二区社区,家政服务,双代商务服务有限公司,月季园25号楼,102300,69825240,家政服务,全天,家政服务
231,门头沟区,大峪街道,增产路东区社区,家政服务,阳光家政,增产路34-3号,102300,69822212,保姆小时工,全天,家政服务
232,门头沟区,大峪街道,新桥南大街社区,家政服务,门头沟区博爱义工联,滨河路115号滨河大厦1102-1室,102300,69825840,家政服务,周一到周日,家政服务
233,门头沟区,大峪街道,南路二社区,家政服务,大峪南路二社区家政服务,大峪南路二社区23楼前平房,102300,69866142,为社区居民提供生活上的服务,工作日,家政服务
234,门头沟区,军庄镇,北四社区,家政服务,北四社区服务站,门头沟区军庄镇老庙村96号,102300,60810215,介绍保姆小时工月嫂保洁员,每周一至日,家政服务
235,门头沟区,军庄镇,杨坨社区,家政服务,社区居委会,社区居委会,102300,60814127,介绍家政服务员,9-5.30,家政服务
236,房山区,西潞街道,苏庄三里社区,家政服务,安心小饭桌,苏庄三里17-3-101,102488,15699836554,学生食宿、家教,7：00-20：00,家政服务
237,房山区,西潞街道,苏庄三里社区,家政服务,阳光四季教育培训中心,苏庄三里8-5-102号,102488,89374065,学生食宿、家教,7：00-20：00,家政服务
238,房山区,西潞街道,苏庄三里社区,家政服务,北京罗杰英伦文化发展有限公司,苏庄三里8-5-101号,102488,13671106678,英语培训、家教,9：00-18：00,家政服务
239,房山区,西潞街道,苏庄三里社区,家政服务,春芽教育咨询中心,苏庄三里8-4-102号,102488,13011813853,学生食宿、家教,7：00-20：00,家政服务
240,房山区,西潞街道,苏庄三里社区,家政服务,北京101网校房山学习学习中心,苏庄一里19-5-102号,102488,61355712,学习培训,10：00-21：00,家政服务
241,房山区,西潞街道,苏庄三里社区,家政服务,健博士小饭桌,苏庄一里19-5-101号,102488,61355885,学生食宿、家教,6：30-20：30,家政服务
242,房山区,西潞街道,苏庄三里社区,家政服务,北京远大艺术培训中心,苏庄三里8-6-101,102488,"89357061、
89370396",舞蹈、声乐、器乐培训,8：30-6：00,家政服务
243,房山区,西潞街道,太平庄西里社区,家政服务,太平庄社区服务中心,太平庄村委会院内,102488,96156,家政服务,9:00-11:0014:00-17:00,家政服务
244,房山区,西潞街道,西潞园社区,家政服务,百帮家政服务中心,西潞园社区内,102487,89355978,日常家政服务,,家政服务
245,房山区,西潞街道,月华社区,家政服务,清润田水站,月华社区底商,,,卖水，送水,全年,家政服务
246,房山区,西潞街道,月华社区,家政服务,北京良乡月华家政服务中心,月华社区底商,102488,60382017,家政服务,全年,家政服务
247,房山区,青龙湖镇,水泥厂社区,家政服务,京强水泥厂社区家政服务站,青龙湖镇坨里北街253号,102471,80370651,家政服务,周一至周五,家政服务
248,房山区,琉璃河镇,水泥厂社区,家政服务,北京金色时光康乐家园,琉璃河车站前街10号院,102403,81687365,家政服务、代购商品、居家养老服务,常年,家政服务
249,房山区,拱辰街道,一街第二社区,家政服务,一街第二社区居民事务服务站,东秀街四巷东侧,102401,51138696,协调联系家政公司,,家政服务
250,房山区,拱辰街道,三街第二社区,家政服务,月华新村家政服务,良乡西路大街30号,102488,89372322,送水、送液化汽,全天,家政服务
251,房山区,城关街道,城北社区,家政服务,小玲家政,城关北大街路东9号,102400,80330040,家教、保姆、婚介,全天,家政服务
252,房山区,城关街道,府东里社区,家政服务,馨烨缘理发店,房山区城关街道府东里社区内,102400,13716401546,美容美发,,家政服务
253,房山区,城关街道,南里社区,家政服务,阿苗美容美发,北京市房山区城关南路南里社区院内9号楼底商,102400,,美容美发,,家政服务
254,房山区,城关街道,新东关社区,家政服务,北京泰达君安家政服务中心,兴房大街2号,102400,69315325,家政服务,全天,家政服务
255,房山区,窦店街道,沁馥家园社区,家政服务,鸿都家政,小区门口西侧底商,102433,69399108,助老助残、保洁、家教等服务,24小时,家政服务
256,通州区,北苑街道,复兴南里社区,家政服务,喜琴家政公司,果园233号院2号楼221号,101100,13552771396,家政服务,每日上午8:00至晚6:00,家政服务
257,通州区,北苑街道,后南仓社区,家政服务,奥讯凯信息咨询服务中心,后南仓7号楼前,101100,69558212,小区内室内维修家政服务,全天,家政服务
258,通州区,北苑街道,帅府社区,家政服务,喜琴有缘信息咨询服务部,通惠南路20楼111,101100,13552771396,家政,,家政服务
259,通州区,北苑街道,玉带路社区,家政服务,北京助民兴业家政服务中心,潞河中学北街13号,101100,80885961,小时工、管道维修、房屋补漏等,8:00-17:30,家政服务
260,通州区,潞城镇,紫荆雅园社区,家政服务,大爱园家政服务中心,1-176-4A,101117,89524719,"家庭保洁,家政服务",全天,家政服务
261,通州区,永顺镇,东潞苑西区社区,家政服务,东潞苑社区家政服务所,东潞苑小区尚东庭底商8号,101100,8959.669,提供家庭服务信息,全天,家政服务
262,通州区,永顺镇,富河园社区,家政服务,富河园小区修车部,富河园小区大门口,101100,,修车,全天,家政服务
263,通州区,永顺镇,潞苑嘉园社区,家政服务,北京晶晶馋鱼食府,陈列馆路534号潞苑嘉园,101100,81673320,,,家政服务
264,通州区,永顺镇,潞苑南里社区,家政服务,阿智美容美发,潞苑南大街917号,101100,13718862201,美容美发,不固定,家政服务
265,通州区,永顺镇,盛业家园社区,家政服务,北京多多吉瑞家政服务有限公司,通胡大街23号楼203号楼211室,101100,52336440,家政、保洁服务,全天,家政服务
266,通州区,永顺镇,西马庄社区,家政服务,北京珍奇发艺美容店,西马庄小区34号楼801室,101100,15910216978,美容美发,全天,家政服务
267,通州区,永顺镇,杨庄南里南社区,家政服务,洁然鑫洋京贸有限公司,杨庄路113号,101101,13699191388,家政服务,早8:00--晚18:00,家政服务
268,通州区,永顺镇,杨庄南里西社区,家政服务,北京滨河保洁服务中心,永顺镇前上坡村,101100,13521307772,家庭卫生保洁、擦玻璃等,日间服务,家政服务
269,通州区,永顺镇,永顺南里社区,家政服务,北京滨河保洁服务中心,永顺镇前上坡村,101100,13521307772,家庭保洁、擦玻璃等,,家政服务
270,通州区,永顺镇,永顺西里社区,家政服务,北京兴安中意社区服公司,通惠北路14号楼,101100,80548051,家政、服务、保洁等,工作日,家政服务
271,通州区,永顺镇,运乔嘉园社区,家政服务,运乔嘉园社区居委会,23号楼地下室,101100,81588242,96156服务项目,全天,家政服务
272,通州区,永顺镇,运通园社区,家政服务,北京滨河保洁服务中心,永顺镇前上坡村,101100,13521307772,家庭卫生保洁、擦拭玻璃,,家政服务
273,通州区,玉桥街道,玉桥东里社区,家政服务,金旭铎家政公司,"通州区玉桥东里5号楼
921号",101101,81545344,提供保姆服务,"每天
9-11
14-17",家政服务
274,通州区,中仓街道,东里社区,家政服务,快乐心情家政服务公司,通州区新城东里31号楼下平房,101100,81992336,家政服务,"上午9：00-11：30
下午1：30-5：30",家政服务
275,通州区,中仓街道,东里社区,家政服务,微笑好帮手家政服务公司,通州区新城东里17号楼下平房,101100,80883136,家政服务,"上午9：00-11：30
下午1：30-5：30",家政服务
276,通州区,中仓街道,东里社区,家政服务,北京运河人家政服务公司,通州区新城东里17号楼612,101100,80883200,家政服务,"上午9：00-11：30
下午1：30-5：30",家政服务
277,通州区,中仓街道,四员厅社区,家政服务,贝格尔家政服务公司,车站路55号楼,,13521116371,家政服务,,家政服务
278,通州区,中仓街道,西营社区,家政服务,万家富乐家政服务公司,东里6号楼楼下平房,101100,81955055,清洗保洁、家政服务,周一到周日8:30~11:301:30~17:30,家政服务
279,通州区,中仓街道,小园社区,家政服务,北京众兴家业家政服务中心,东营前街3号楼底商,101100,80887180,为社区居民提供生活便利,上午9:00—11:30；下午1:30—5:30,家政服务
280,顺义区,空港街道,天房第一社区,家政服务,家政服务公司,北京市顺义区天竺镇丽苑街6号物业楼一层,101312,64560101,保洁,早8点到晚6点,家政服务
281,顺义区,后沙峪镇,双裕西区社区,家政服务,空港劳务,白露雅园23-303,101318,13716699928,小时工、保姆,,家政服务
282,顺义区,仁和镇,东方太阳城社区,家政服务,北京顺欣阳光物业管理有限公司,东方太阳城物业公司工程部,101300,89431700-3638,家政、保洁,周一至周日,家政服务
283,顺义区,李桥镇,樱花园社区,家政服务,甄鹏豫皖家政公司,樱花园一区,101300,81461744,,,家政服务
284,顺义区,李桥镇,樱花园社区,家政服务,爱佳宝家政公司,樱花园二区,101300,81469602,,,家政服务
285,顺义区,北小营镇,永利社区,家政服务,北小营镇居家养老服务中心,居委会东门外,101305,60486916,养老、助残、家政服务,周一至周五,家政服务
286,顺义区,胜利街道,建北一社区,家政服务,顺绿洁家政服务社,建新北区48-4-102,101300,85456689,家政服务,随时,家政服务
287,顺义区,胜利街道,建南二社区,家政服务,北京李想家政服务中心,建新南区43号楼3门101,101300,13716815679,家政服务维修,早8点到晚6点,家政服务
288,顺义区,胜利街道,建南一社区,家政服务,硕鑫达家政服务部,建新南区5-2-103,101300,13716022225,家政服务保洁通下水改电改水,早8点-晚6点,家政服务
289,顺义区,胜利街道,建南一社区,家政服务,北京盛通诚信家政服务部,建新南区19-5-102,101300,86070584,家政服务保洁通下水改电改水,早8点-晚6点,家政服务
290,顺义区,胜利街道,胜利社区,家政服务,百姓乐家政服务,胜利小区14-3-104,101300,60119518,提供各种家政服务,全年,家政服务
291,顺义区,胜利街道,义宾北区社区,家政服务,小山东家政服务中心,义宾北区20-4-102,101300,86734411,搬家、保洁、通下水等各项家政服务,每日,家政服务
292,顺义区,石园街道,石园北一社区,家政服务,新源家政服务公司,石园北区47号楼7门102室,101300,13716650868,清洗抽油烟机、搬家、保洁等,"上午8:00-11:30
下午2:00-6:00",家政服务
293,顺义区,石园街道,石园南区社区,家政服务,北京天雨春胜家政服务部,石园南区6号楼北侧车棚,101300,13426279686,疏通下水管理道、保洁、小时工等,,家政服务
294,顺义区,石园街道,石北三社区,家政服务,顺义八喜家政服务中心,石园北区28号楼车棚,101300,13651038541,搬家、保洁、空调移机、通下水、加氟打孔等家政服务,8：00-20：00,家政服务
295,顺义区,石园街道,石北三社区,家政服务,北京昊翔保洁服务中心,石园北区17号楼车棚,101300,60113158,搬家、保洁、通下水等家政服务,,家政服务
296,顺义区,旺泉街道,铁十六局社区,家政服务,北京金田伟业家政服务中心,西辛南区49号楼1门102室,101300,86734411,搬家、修理下水道、到扫卫生等,早8：00晚6:00,家政服务
297,顺义区,旺泉街道,西辛社区,家政服务,四方汇鑫家政服务公司,西辛南区37-2-101,101300,69469800,通下水保洁搬家,24小时,家政服务
298,顺义区,旺泉街道,西辛一社区,家政服务,四方汇鑫家政服务公司,西辛南区37-2-101,101300,69469800,通下水保洁搬家,24小时,家政服务
299,昌平区,北七家镇,北亚花园社区,家政服务,北京信必达商业咨询有限责任公司,北七家镇晨浩花园东区2-E,102209,69750549,婴幼护理、老人护理、住家保姆,,家政服务
300,昌平区,北七家镇,望都家园社区,家政服务,家洁家政服务中心,望都家园11号楼,102209,69756517,小时工、保姆等家政服务,,家政服务
301,昌平区,北七家镇,西湖新村社区,家政服务,北京和信丽家家政,西湖新村4号楼312,102209,89755882,小时工保洁新居保洁免费交友婚介孤寡老人免费2小时/月,任何时间,家政服务
302,昌平区,城北街道,东关南里社区,家政服务,北京当家宝贝教育咨询有限公司,北京市昌平区城北街道东关南里小区46-5-202,102200,13439488311,教育咨询、家政服务、组织文化艺术交流活动（包含演出）、英语培训,24小时,家政服务
303,昌平区,城北街道,六街社区,家政服务,北京小万家政服务中心,六街献陵卫胡同15号,102200,69727163,家居保洁、日常维修,8点至17点,家政服务
304,昌平区,城北街道,宁馨苑社区,家政服务,丽家情家政服务,北京市昌平区宁馨苑院内商业2号楼8号,102200,69716628,家政服务,,家政服务
305,昌平区,城北街道,史家坑社区,家政服务,昌滦家政服务部,昌平区弘大路市政管理所后,102200,13611235295,家政服务、保洁服务,9:00-18:00,家政服务
306,昌平区,城南街道,昌盛园社区,家政服务,其美嘉家政服务中心,底商,,13716525970,家政服务,全天,家政服务
307,昌平区,东小口镇,天通东苑第四社区,家政服务,多省心家政,东一区67-8-102,102218,58547373,家政服务,早8—晚9,家政服务
308,昌平区,东小口镇,天通东苑第一社区,家政服务,好爱佳家政服务,21#-7-102,102218,61765524、13911293396、15321330986,"日间照顾、介绍保姆、小时工
维修上下水道，开荒、
清理油烟机等服务",每天8:00--18:00,家政服务
309,昌平区,东小口镇,流星花园社区,家政服务,家政服务,流星花园三区平房区,102208,81734951,家政服务业,,家政服务
310,昌平区,东小口镇,天通苑第二社区,家政服务,陈聪（北京）家政服务有限公司,天通苑二区4号楼,102218,84678814,家政服务,全日,家政服务
311,昌平区,东小口镇,天通中苑第一社区,家政服务,天通苑辉煌电器维修中心,天通中苑10-5-301,102218,84678804,空调保养、家电维修,每天,家政服务
312,昌平区,东小口镇,天通苑第一社区,家政服务,天通苑三八家政服务中心,天通苑五区7B号楼,102218,84818588,房屋咨询，家电维修，清洗地毯，洗油烟机，疏通管道，计时服务，保姆，保洁，人才，家教，居家养老,8:30—16:30,家政服务
313,昌平区,东小口镇,天通西苑第三社区,家政服务,双双家政服务公司,天通西苑三区32号楼8单元地下室,102218,64110344,为社区居民做家政服务（擦玻璃做保洁）,,家政服务
314,昌平区,东小口镇,天通西苑第一社区,家政服务,靓之旅家政佳佳乐母婴家政服务中心天通好爱佳社区服务有限公司,西一区47#-4-101西一区46#-9-102西一区47#-2-102,102218,8.48E+23,家政服务及文化交流中心,,家政服务
315,昌平区,回龙观镇,北店嘉园社区,家政服务,华夏中青家政服务,北店嘉园五区2号楼底商3号,102208,81717233,,8点-22点,家政服务
316,昌平区,回龙观镇,新龙城社区,家政服务,北京情暖人间家政服务有限公司,昌平路380号院40号楼底商,100096,62717271,各种家政服务,8:00——18:00,家政服务
317,昌平区,回龙观镇,龙跃苑一区社区,家政服务,北京回龙观金兑家政服务有限公司,龙跃苑一区25-4-102,102208,81733902,家政服务,7:00--20:00,家政服务
318,昌平区,回龙观镇,龙华园社区,家政服务,红黄蓝家政服务公司,龙华园小区1号楼底商,102208,81793628,家政,全天,家政服务
319,昌平区,回龙观镇,风雅园社区,家政服务,风雅园双龙家政,风雅园三区会所,102208,81711799,,,家政服务
320,大兴区,旧宫地区办事处,德茂楼社区,家政服务,北京洁美丽家政服务有限公司,德茂楼26号楼与27号楼之间,100076,67964671,二手房经济业务、家政服务、空调移机、家庭装修等,8:00-17:00,家政服务
321,大兴区,旧宫地区办事处,佳和园社区,家政服务,城南家政服务公司,大兴区旧宫镇庑殿路马路东侧小区北边,100076,87970631,小时工、家电维修、送水等,全天,家政服务
322,大兴区,旧宫地区办事处,绿洲家园社区,家政服务,北京长海江保洁服务中心,南街五福堂2条9号,100076,67960438,,早8晚9点,家政服务
323,大兴区,旧宫地区办事处,清逸西园社区,家政服务,?城南家政,旧宫镇庑殿路南口,100076,87918343,家政服务,,家政服务
324,大兴区,旧宫地区办事处,清逸园社区,家政服务,城南家政服务,庑店路南口,100076,87919310,提供小时工、洗油烟机等服务,周一至周五,家政服务
325,大兴区,林校路街道,车站中里社区,家政服务,车中家政服务中心,车中41号楼3单元102（居委会）,102600,69259960,家政服务,工作日,家政服务
326,大兴区,林校路街道,兴华南里社区,家政服务,北京滕顺圣洁保洁有限公司,兴华大街76-14,102600,69268836,打扫卫生,9:00—21:00,家政服务
327,大兴区,清源街道,金惠园二区社区,家政服务,E家亲服务社,金惠园二区1号楼6单元101室,102600,60295091,家政服务介绍、管理、培训,,家政服务
328,大兴区,天宫院街道,海子角东里社区,家政服务,海东泽众家政公司,海子角东路,102600,,,,家政服务
329,大兴区,西红门地区办事处,福星社区,家政服务,福星社区居委会,西红门东路10号林枫家园,100162,60221670,家政服务,9:00—18:00,家政服务
330,大兴区,西红门地区办事处,瑞海北区社区,家政服务,时如万家,宏旭路192号,100162,60236630,家政服务,8:00-18:00,家政服务
331,大兴区,西红门地区办事处,瑞海南区社区,家政服务,北京苑易洁保洁有限公司,宏旭路234号,100162,60241337,家政服务,9:00-18:00,家政服务
332,大兴区,西红门地区办事处,兴月苑社区,家政服务,时如万家家政有限公司,瑞海家园二区底商193号,100162,60236630,家庭保洁、小时工、保姆,,家政服务
333,大兴区,兴丰街道,富强东里社区,家政服务,凤尾竹家政服务公司,富强东里40#大门北侧?龙河路北口2号,102600,69264626,保姆、育婴嫂、月嫂服务,8点-18点,家政服务
334,大兴区,兴丰街道,康居社区,家政服务,凤尾竹家政服务中心,黄村西大街109号,102600,69241949,家政服务、保洁,早8点-18点,家政服务
335,大兴区,亦庄地区,贵园南里二区社区,家政服务,亦庄家政服务,南里戊区1-2-102,100176,67860061,保洁,,家政服务
336,平谷区,兴谷街道,金乡东,家政服务,平京丽双政信息部,金乡西小区31,101200,89983433,家政、信息,上午8点至下午6点,家政服务
337,平谷区,兴谷街道,园丁,家政服务,旭日晨光家政,园丁小区永安家园6楼,101200,15611968539,家政、信息,"8：30-11:30
13:30-17:30",家政服务
338,平谷区,兴谷街道,光明,家政服务,北京云海家政服务中心,光明西小区282-3,101200,,介绍保姆、保洁、,全天,家政服务
339,平谷区,兴谷街道,光明,家政服务,北京平安居家政信息,光明西小区8-1,101200,13521931994,介绍保姆、保洁、,全天,家政服务
340,平谷区,兴谷街道,光明,家政服务,北京秀珍天意家政服务,光明西小区28号,101200,81993793,介绍保姆、保洁、,全天,家政服务
341,平谷区,兴谷街道,光明,家政服务,北京顺置家政服务,保安街65-1,101200,89994718,介绍保姆、保洁、,全天,家政服务
342,平谷区,兴谷街道,光明,家政服务,万事顺平家政信息,光明西小区161号,101200,15601075037,介绍保姆、保洁、,全天,家政服务
343,怀柔区,龙山街道,丽湖社区,家政服务,北京金荣丹家政服务有限公司,南华大街31号10号楼204室,101400,69659106,房屋中介、家政、婚介,全天,家政服务
344,怀柔区,龙山街道,南城社区,家政服务,四海通家政服务有限公司,迎宾中路27-4-404,101400,,居民各项家庭服务需求,周一至周日,家政服务
345,怀柔区,龙山街道,南城社区,家政服务,北京瀚云海商贸有限公司,青春路七院1-1-103,101400,,居民各项家庭服务需求,周一至周日,家政服务
346,怀柔区,泉河街道,富乐北里社区,家政服务,地之泰劳务派遣有限公司,家天1-6-101,101400,69685516,家政服务,8小时上班时间,家政服务
347,怀柔区,泉河街道,湖光社区,家政服务,北京吴大姐经济信息咨询服务部,北京市怀柔区湖光小区1号楼1单元101,101400,13241568546,经济信息咨询,每天,家政服务
348,怀柔区,泉河街道,指院社区,家政服务,旺福苑,迎宾北路20号院,,13811727525,家政服务,,家政服务
349,密云县,檀营地区,檀营社区,家政服务,北京郭桂云家政服务部,密云县久润花园13号楼23号车库,101500,15810170368,家庭劳务服务,,家政服务
350,密云县,鼓楼街道,宾阳社区,家政服务,隆盛鑫信息咨询服务部,宾阳西里26-4-102,101500,13601329752,房屋、家政、中介服务,全工作日,家政服务
351,密云县,鼓楼街道,鼓楼社区,家政服务,北京忠信仁和家政服务部,沿湖小区30-6号车库,101500,15601070762,提供商务服务信息,工作日,家政服务
352,密云县,鼓楼街道,花园社区,家政服务,艳云家政服务部,花园社区16-14号楼车棚东头,101500,69021212,房屋出租,8:30-17:00,家政服务
353,密云县,鼓楼街道,花园社区,家政服务,北京鑫昊虹风家政服务部,花园社区20楼西侧平房,101500,81961572,房屋出租、家政服务,8:30-17:00,家政服务
354,密云县,鼓楼街道,沿湖社区,家政服务,北京福林逸居家政服务部,沿湖小区18-4-102,101500,13810991378,家政服务,早8:00-晚5：30,家政服务
355,密云县,鼓楼街道,云秀花园社区,家政服务,密云华荣家庭服务部,沙河村路西,101500,,照像、家政服务,全天,家政服务
356,密云县,果园街道,季庄社区,家政服务,博政翔搬家公司,季庄社区50#楼7-14,101500,69020548,搬家,,家政服务
357,密云县,果园街道,康居社区,家政服务,云龙家政,南区14号车库,101500,13693096876,家政服务,,家政服务
358,密云县,果园街道,果园新里社区,家政服务,家政信息服务部,果园新里中区9号楼下,101500,15910452049,保姆、保洁,24小时,家政服务
359,延庆县,永宁镇,阜民街村,家政服务,北京温馨宝昌保洁服务中心,北京市延庆县永宁镇阜民街东城外76号,102104,13716021248,家政保洁,长年,家政服务
360,海淀区,八里庄街道,八里庄北里社区,家政服务,　社区家政,　八里庄北里社区1号院,100142,66382966,提供家政服务,,家政服务
361,海淀区,八里庄街道,北京印象社区,家政服务,北京勤茂家政服务公司,阜成路115号北京印象小区7号楼北面平房,100142,88118411,　小时工、保姆,,家政服务
362,海淀区,八里庄街道,定慧西里第一社区,家政服务,　四路通基石社区服务中心,　定慧西里1楼1门102,100142,88114452,　家政中介,　周一至周日,家政服务
363,海淀区,八里庄街道,美丽园社区,家政服务,　美丽园社区家政服务部,　美丽园小区30号楼配楼二层,100097,88591204,　家政职业介绍,　每天9：00至17：00,家政服务
364,海淀区,八里庄街道,世纪新景园社区,家政服务,　北京洁淼家政服务中心,　北洼路9号院2号楼B1D,100089,13241827868,　家政服务、社区保洁,　全天,家政服务
365,海淀区,八里庄街道,双紫园社区,家政服务,海兴缘家政服务公司,海淀区北洼西里29-5号,100089,,家政综合服务,8：30—17：00,家政服务
366,海淀区,八里庄街道,徐庄社区,家政服务,兴兴管家保洁公司　,　彰化南路5号,100097,88491158,,　全天,家政服务
367,海淀区,八里庄街道,西八里社区,家政服务,八里庄街道社区家政服务公司,海淀区西八里庄121号,100142,88137446,家政服务,,家政服务
368,海淀区,八里庄街道,颐慧佳园社区,家政服务,北京思瑶家政服务第一分公司,北京海淀区恩济里小区3号楼,100036,13521626207,介绍月嫂、育儿嫂、保姆、小时工等,早8点至晚18点,家政服务
369,海淀区,北下关街道,北京交大社区,家政服务,　北京北交家政服务有限公司,海淀上园村3号院家政服务小楼,100044,51685638,　家政服务,8:30-11:30，14:00-17:00,家政服务
370,海淀区,北下关街道,大柳树社区 ,家政服务,七彩欣天便民服务站,大柳树路11号,100081,62167699,家政服务、养老券服务、法律咨询人防空间,9:30—11:30,家政服务
371,海淀区,北下关街道,中国气象局社区,家政服务,云勤家政服务中心,中关村南大街46号南区22号楼,100081,12520312859,家政服务,全天24小时,家政服务
372,海淀区,青龙桥街道,解放军309医院社区,家政服务,青龙桥街道社区服务中心社区家政,海淀区厢红旗东门外一号院东出租楼,100091,62886811-6125,保姆\小时工,9:00-12:00 14:00-17:30       ,家政服务
373,海淀区,青龙桥街道,安河桥社区 ,家政服务,安河桥社区家政服务站,安河桥正红旗东街甲16号,100091,62883065,家政服务,8:30—11:30  14：00—17:30,家政服务
374,海淀区,青龙桥街道,大有庄社区,家政服务,青龙桥街道社区服务中心,海淀区厢红旗东门外1号,100091,62886811,介绍小时工,"周一至周五
上午9点-11点30
下午2点-5点",家政服务
375,海淀区,青龙桥街道,军科社区,家政服务,青龙桥街道军科社区居委会,军科院居委会办公室,100091,66762688,保姆、小时工,早8-晚6,家政服务
376,海淀区,青龙桥街道,水磨社区,家政服务,梦久香缘家政,水磨新区34号,100084,13520851592,家政服务,8:30-18:00,家政服务
377,海淀区,青龙桥街道,厢红旗社区 ,家政服务,青龙桥街道家政服务公司,厢红旗东门外1号出租楼,100091,62886811-6125,9：00——17:00,,家政服务
378,海淀区,青龙桥街道,颐东苑社区,家政服务,颐源居家政服务公司,海淀区西苑100号,100091,62853368,社区家政服务,"每天8:00-11:30,13:30-17:30",家政服务
379,海淀区,青龙桥街道,中信所西苑小区社区,家政服务,中信所西苑小区家政服务站,海淀区西苑100号南一院,100091,62881420,家政服务,8：00－17：00,家政服务
380,海淀区,清河街道,当代城市家园社区,家政服务,海淀区清河街道社区服务中心,海淀区安宁庄东路8号,100085,62940185,　小时工、月嫂、保姆,周一至周五,家政服务
381,海淀区,清河街道,安宁北路社区,家政服务,安宁北路社区96156社区服务网点,安宁庄路5号院,100085,82710386,　提供家政服务人员信息,周一、周五,家政服务
382,海淀区,清河街道,安宁里社区,家政服务,北京京美达家政　,　安宁庄东路8号,100085,82712588,　介绍保姆、小时工,8：00-18:00,家政服务
383,海淀区,清河街道,清上园社区,家政服务,清河社区服务中心,安宁庄东路100号,100085,62940183,提供保姆、小时工、保洁、家教等服务,周一至周日,家政服务
384,海淀区,上地街道,东里第一社区,家政服务,　社区服务中心,　上地东里四区7号楼204,,62963167,　小时工,　9:00-17:00,家政服务
385,海淀区,田村路街道,建西苑社区,家政服务,建西苑家政服务公司,　建西苑居委会内,100043,58973282,　家政小时工,,家政服务
386,海淀区,田村路街道,东营房社区,家政服务,北京华盛丰西家政服务中心,　西四环北路137号,,63397618,　陪购物、陪看病、做饭、擦玻璃,,家政服务
387,海淀区,田村路街道,东营房社区,家政服务,美丽园贤惠家政,永定路乙1号乐府江南小区,,58977746,小时工、陪看病、做饭、擦玻璃,,家政服务
388,海淀区,田村路街道,金沟河社区,家政服务,永金里家政服务,永金里居委会院内,100143,88219310,　家政服务(小时工\保洁等),正常工作日,家政服务
389,海淀区,田村路街道,景宜里社区,家政服务,春光家美家政服务公司,乐府江南商务楼　,100143,588729354,家政服务　,周一至周日　,家政服务
390,海淀区,田村路街道,永金里社区,家政服务,　北京美丽园贤汇家政四,　　海淀区五棵松路81号4号楼1单元地下室东侧,100143,13521053359,　小时工、保姆、育婴师,,家政服务
391,海淀区,田村路街道,永景园社区,家政服务,乐府永景园桥,永定路甲1号5-2-102,100143,88635153,保姆、小时工服务,全天,家政服务
392,海淀区,田村路街道,玉阜嘉园社区,家政服务,　玉海园社区家政服务有限公司,　玉海园三里,100143,88264023,　家政服务,　周一至周日,家政服务
393,海淀区,田村路街道,玉海园二里社区,家政服务,玉海园社区服务有限公司,玉海园三里16号楼地下室,100143,88264023,家政服务,,家政服务
394,海淀区,田村路街道,玉海园三里社区,家政服务,　金喜善家政服务中心,　17号楼2门地下室,100143,88264707,　保姆、小时工、保洁、维修,,家政服务
395,海淀区,田村路街道,玉海园五里社区,家政服务,　金喜善家政服务, 三里17号楼　,100143,88261320,小时工  保姆  家政　,　全天,家政服务
396,海淀区,田村路街道,西木社区,家政服务,　华盛家政服务,海淀区西四环北路137号院　,100143,88140809,　小时工、保姆、工作介绍,,家政服务
397,海淀区,田村路街道,乐府家园社区,家政服务,　美丽园家政服务中心,　永定路乙1号11号楼5单元西侧,100143,58976563,　家政服务，满足社区居民要求家政服务。,　周一至周五上午9：00-11：30下午2：00-5： 00,家政服务
398,海淀区,田村路街道,泽丰苑社区,家政服务,　田村路街道社区服务中心,　海淀区,,,,　工作日,家政服务
399,海淀区,田村路街道,幸福社区,家政服务,乐府江南家政公司,永定路乙1号11号楼5单元西门　,100143,58976569,　小时工、月嫂、保姆介绍,　全天服务,家政服务
400,海淀区,田村路街道,玉海园一里社区 ,家政服务,玉海园社区服务有限公司　,玉泉路8号玉海园三里16号楼　,100043,88263199,家政服务　,每天8小时　,家政服务
401,海淀区,田村路街道,总政金沟河干休所社区,家政服务,　社区家政服务员自我管理协会,金沟河路1号院20楼,100143,66846381,　为社区家政服务员提供定期培训,,家政服务
402,海淀区,花园路街道,北太平庄路社区,家政服务,　家政服务,　　北三环中路43号院板三楼地下室,100088,62044763,　保姆、小时工等,　早8点－17.30,家政服务
403,海淀区,花园路街道,北极寺社区,家政服务,　北极寺家政服务站,　花园东路8号大院内,100191,66796497,　培训家庭保姆,,家政服务
404,海淀区,花园路街道,小关社区,家政服务,小关社区家政服务,北京市海淀区牡丹北里5号楼111室,100191,62081860,　满足居民家政需求,全天,家政服务
405,海淀区,花园路街道,迎春园社区,家政服务,迎春园社区家政服务站,迎春园社区11号楼101室,100191,62022697,为居民提供家政服务的咨询,工作时间,家政服务
406,海淀区,马连洼街道,63919部队社区,家政服务,芳龄家政服务中心,　马连洼北路菊花盛苑1号楼,100193,628110938,　提供保姆、小时工服务,9:00-11:00，14:00-17:30,家政服务
407,海淀区,马连洼街道,农大南路社区,家政服务,芳龄家政服务中心,　马连洼北路菊花盛苑1号楼,100193,628110938,　提供保姆、小时工服务,9:00-11:00，14:00-17:30,家政服务
408,海淀区,马连洼街道,古月园社区,家政服务,芳龄家政服务中心,　马连洼北路菊花盛苑1号楼,100193,628110938,　提供保姆、小时工服务,9:00-11:00，14:00-17:30,家政服务
409,海淀区,马连洼街道,菊园社区,家政服务,芳龄家政服务中心,　马连洼北路菊花盛苑1号楼,100193,628110938,　提供保姆、小时工服务,9:00-11:00，14:00-17:30,家政服务
410,海淀区,马连洼街道,百草园社区,家政服务,芳龄家政服务中心,　马连洼北路菊花盛苑1号楼,100193,628110938,　提供保姆、小时工服务,9:00-11:00，14:00-17:30,家政服务
411,海淀区,马连洼街道,百旺家苑社区,家政服务,北京九阳家政,马连洼北路菊花盛苑1号楼（竹园农业银行东侧四层小白楼）,100193,62811938,介绍小时工、家政服务员,周一~周五8:30-11:30，14:00-17:00,家政服务
412,海淀区,马连洼街道,百旺茉莉园社区,家政服务,芳玲家政服务中心,马连洼北路菊花盛苑1号楼,100193,62811938,　介绍保姆、小时工,9:00-18:00,家政服务
413,海淀区,马连洼街道,梅园社区,家政服务,芳龄家政服务中心,　马连洼北路菊花盛苑1号楼,100193,628110938,　提供保姆、小时工服务,9:00-11:00，14:00-17:30,家政服务
414,海淀区,马连洼街道,兰园社区,家政服务,芳龄家政服务中心,　马连洼北路菊花盛苑1号楼,100193,628110938,　提供保姆、小时工服务,"9:00-11:00,14:00-17:30",家政服务
415,海淀区,马连洼街道,竹园社区,家政服务,芳龄家政服务中心,　马连洼北路菊花盛苑1号楼,100193,628110938,　提供保姆、小时工服务,"9:00-11:00,14:00-17:30",家政服务
416,海淀区,马连洼街道,农大社区,家政服务,芳龄家政服务中心,　马连洼北路菊花盛苑1号楼,100193,628110938,　提供保姆、小时工服务,"9:00-11:00,14:00-17:30",家政服务
417,海淀区,马连洼街道,农科三所社区,家政服务,芳龄家政服务中心,　马连洼北路菊花盛苑1号楼,100193,628110938,　提供保姆、小时工服务,"9:00-11:00,14:00-17:30",家政服务
418,海淀区,马连洼街道,肖家河社区,家政服务,芳龄家政服务中心,　马连洼北路菊花盛苑1号楼,100193,628110938,　提供保姆、小时工服务,"9:00-11:00,14:00-17:30",家政服务
419,海淀区,马连洼街道,西北旺社区,家政服务,芳龄家政服务中心,　马连洼北路菊花盛苑1号楼,100193,628110938,　提供保姆、小时工服务,9:00-11:00，14:00-17:30,家政服务
420,海淀区,马连洼街道,天秀花园社区,家政服务,芳龄家政服务中心,　马连洼北路菊花盛苑1号楼,100193,628110938,　提供保姆、小时工服务,9:00-11:00，14:00-17:30,家政服务
421,海淀区,马连洼街道,水利社区,家政服务,芳玲家政服务中心,海淀区马连洼街道服务中心二层,100193,62811938,解决社区内需要小时工，保姆等居民所需服务,　8:30—17：00,家政服务
422,海淀区,海淀街道,倒座庙社区,家政服务,　京城爱嫂月嫂公司,　海淀南路17楼后平房,100080,62656964,　月嫂、育儿嫂、家政服务员介绍,每日　,家政服务
423,海淀区,海淀街道,稻香园南社区,家政服务,海淀街道社区服务中心,　海淀区小南庄31号,100079,82611367,　生活照料、家庭设施维修、咨询服务等。,,家政服务
424,海淀区,海淀街道,海淀南路北社区,家政服务,海淀区三八服务社,海淀南路7号,100080,62645262,家政服务，职业培训,9:00-11:00，14:00-17:00,家政服务
425,海淀区,海淀街道,合建楼社区,家政服务,海淀街道社区服务中心,小南庄31号楼,100089,82611367,提供家政服务及各种维修服务。,9点-12点，14点-18点,家政服务
426,海淀区,海淀街道,碧水云天社区,家政服务,海淀街道社区服务中心,北京市海淀区小南庄31号楼,100089,62527349,　介绍保姆、小时工等,,家政服务
427,海淀区,海淀街道,稻北社区,家政服务,　海淀街道社区服务中心,　小南庄31号,,82611367,　家政咨询等,,家政服务
428,海淀区,海淀街道,芙蓉里社区,家政服务,社区服务中心,小南庄31号院,100089,62643989,　提供家政服务,9:00-17：00,家政服务
429,海淀区,海淀街道,稻香园西里社区,家政服务,海淀街道社区服务中心,　新区社区内,100089,82611367,　小时工、保姆介绍,　9—18,家政服务
430,海淀区,海淀街道,三义庙社区,家政服务,　海淀街道社区服务中心家政服务,　小南庄31号楼,100086,82615884,　家政服务,　早九点至晚六点,家政服务
431,海淀区,海淀街道,康桥蜂鸟园社区,家政服务,海淀街道社区服务中心,海淀区小南庄31号楼,100089,62527349,向辖区内居民提供保姆、小时工、月嫂等,周一至周五,家政服务
432,海淀区,海淀街道,新新家园社区,家政服务,祥云家政,汇鑫嘉园3号楼,100089,82566495,保姆、小时工、保洁,全天,家政服务
433,海淀区,海淀街道,紫金庄园社区,家政服务,　北京信侬家政服务有限责任公司,　7号楼312,100086,82656766,,　9:00-18:00,家政服务
434,海淀区,海淀街道,小南庄社区,家政服务,　小南庄社区服务中心,　小南庄31号楼,100080,82611367,　家政服务,周一至周日,家政服务
435,海淀区,海淀街道,万南社区,家政服务,诚与情家政,小南庄37楼102室,100089,82620365,　介绍保姆、小时工,　早8点-晚8点,家政服务
436,海淀区,海淀街道,万南社区,家政服务,天利仁和家政中心,小南庄35楼201室,,62548148,,,家政服务
437,海淀区,曙光街道,时雨园社区,家政服务,　曙光街道,下沉式广场001-1-010号,100097,,　家电维修、小时工、保姆等,每天,家政服务
438,海淀区,曙光街道,晴雪园社区,家政服务,洁淼家政公司,金源时代购物中心六层657号,100097,88893799,保姆、小时工、室内保洁、月嫂、看护老人、医院陪护、家电维修、清洗油烟机等,8:00-18:00,家政服务
439,海淀区,曙光街道,远大园社区,家政服务,　远大园社区家政公司,远大园社区 四区12号楼,100097,88596850,保姆、小时工、月嫂、看护老人、医院陪护、家电维修、清洗油烟机、干洗衣服　,,家政服务
440,海淀区,曙光街道,望塔园社区,家政服务,　曙光物业家政服务中心,　曙光花园南门西侧商业街二层,100097,88436079,　保姆、小时工、看护老人、清洗油烟机,,家政服务
441,海淀区,曙光街道,曙光花园社区,家政服务,　曙光物业家政服务中心,　曙光花园南门西侧商业街二层,100097,88464232,　保姆、小时工、看护老人、清洗油烟机,　每天8小时,家政服务
442,海淀区,曙光街道,世纪城东区社区,家政服务,爱侬家政（海淀世纪城分部）,北京市海淀区世纪城板井路59号,100097,88596570,提供月嫂、保姆、钟点工、病人陪护、保洁服务、单位用人、培训保姆,上9:00至12:00,家政服务
443,海淀区,甘家口街道,阜南社区,家政服务,　海花家政公司,　花园村社区服务中心院内,100037,88413767,　家政服务,周一至周五全天,家政服务
444,海淀区,甘家口街道,甘东社区,家政服务,　甘家口街道社区服务中心,　北京市海淀区花园村甲10号,100044,68710918,　介绍保姆、小时工等,　周一至周五,家政服务
445,海淀区,甘家口街道,航天社区,家政服务,百家宜家政公司,　海淀区阜成路8号,100830,57113966,　家政服务、洗车、理发、收废品,工作日,家政服务
446,海淀区,甘家口街道,工运社区,家政服务,　花园村社区服务中心,　花园村甲10号　,100048,68469489,提供小时工、保姆　,9：00-17：00,家政服务
447,海淀区,甘家口街道,工商大学社区,家政服务,　北京海花诚挚家政公司,　北京市海淀区三虎桥南路12号院3号楼旁平房,100037,88413767,1、清洁卫生2、洗衣做饭3、理发4陪护,　24小时,家政服务
448,海淀区,甘家口街道,机械院社区,家政服务,甘家口街道社区服务中心　,花园村甲12号,100044,68710918,提供家政服务、电脑维修等,周一至五,家政服务
449,海淀区,甘家口街道,中纺社区,家政服务,甘家口街道社区服务中心,　北京市海淀区花园村甲10号,100044,68710918,　介绍保姆、小时工等,　周一到周五,家政服务
450,海淀区,甘家口街道,花园村社区,家政服务,海花家政　,车公庄西路30号　,100048,68415627,家政服务　,9：00-18：00,家政服务
451,海淀区,甘家口街道,进口社区,家政服务,进口社区家政服务中心,三里河路5号院社区工作站,100044,68339461,保姆、小时工介绍,　早8点至晚5点,家政服务
452,海淀区,甘家口街道,西三环社区,家政服务,　海花家政,　车公庄西路45号院内车棚旁,100048,88413767,　介绍保姆、月嫂、小时工,　周一至周日（9:00-21:00）,家政服务
453,海淀区,甘家口街道,四道口社区,家政服务,甘家口街道社区服务中心,北京市海淀区花园村甲10号,100044,68710918,介绍保姆、小时工等　,周一至周五　,家政服务
454,海淀区,甘家口街道,水科院社区,家政服务,甘家口街道社区服务中心　,海淀区车公庄西路花园村甲10号　,100048,88131260,　家政服务,周一到周五　,家政服务
455,海淀区,甘家口街道,潘庄社区,家政服务,甘家口街道社区服务中心　,花园村甲12号,100044,68710918,提供家政服务、电脑维修等,周一至五,家政服务
456,海淀区,四季青镇,北区社区,家政服务,北京诚尔信家政服务公司,海淀区清华大学清华园一区65号,100084,62772669,保姆、小时工、清洁厨卫、擦洗地板、清洗油烟机等家政服务,全天,家政服务
457,海淀区,清华园街道,南楼社区,家政服务,北京诚尔信家政服务公司,海淀区清华大学清华园一区65号,100084,62772669,保姆、小时工、清洁厨卫、擦洗地板、清洗油烟机等家政服务,全天,家政服务
458,海淀区,清华园街道,蓝旗营社区,家政服务,北京诚尔信家政服务公司,海淀区清华大学清华园一区65号,100084,62772669,保姆、小时工、清洁厨卫、擦洗地板、清洗油烟机等家政服务,全天,家政服务
459,海淀区,清华园街道,荷清苑社区,家政服务,北京诚尔信家政服务公司,海淀区清华大学清华园一区65号,100084,62772669,保姆、小时工、清洁厨卫、擦洗地板、清洗油烟机等家政服务,全天,家政服务
460,海淀区,清华园街道,东楼社区,家政服务,北京诚尔信家政服务公司,海淀区清华大学清华园一区65号,100084,62772669,保姆、小时工、清洁厨卫、擦洗地板、清洗油烟机等家政服务,全天,家政服务
461,海淀区,清华园街道,中楼社区,家政服务,北京诚尔信家政服务公司,海淀区清华大学清华园一区65号,100084,62772669,保姆、小时工、清洁厨卫、擦洗地板、清洗油烟机等家政服务,全天,家政服务
462,海淀区,清华园街道,西南社区,家政服务,北京诚尔信家政服务公司,海淀区清华大学清华园一区65号,100084,62772669,保姆、小时工、清洁厨卫、擦洗地板、清洗油烟机等家政服务,全天,家政服务
463,海淀区,清华园街道,西楼社区,家政服务,北京诚尔信家政服务公司,海淀区清华大学清华园一区65号,100084,62772669,保姆、小时工、清洁厨卫、擦洗地板、清洗油烟机等家政服务,全天,家政服务
464,海淀区,清华园街道,西北社区,家政服务,北京诚尔信家政服务公司,海淀区清华大学清华园一区65号,100084,62772669,保姆、小时工、清洁厨卫、擦洗地板、清洗油烟机等家政服务,全天,家政服务
465,海淀区,万寿路街道,翠微西里社区,家政服务,俊雅鸿芳家政服务部,海淀万寿路翠微西里小区传达室内,100086,68258757,　小时工、保姆介绍,8点-17点　,家政服务
466,海淀区,万寿路街道,翠微路社区,家政服务,翠微路家政服务,翠微路甲9号院,100036,,家政服务,　　周一至周五8：30-17：00,家政服务
467,海淀区,万寿路街道,翠微北里社区,家政服务,北京吉利明珠家政服务中心,翠微北里12号楼一层,100036,68254186、68251619,介绍保姆、小时工,上午8:00—下午 20:00，周六日不休息,家政服务
468,海淀区,万寿路街道,复兴路24号社区,家政服务,　复兴路24号社区,　复兴路24号社区美洁家政服务公司,100852,66700937,　擦洗油烟机、介绍小时工、保姆等,　24小时服务,家政服务
469,海淀区,万寿路街道,通信部社区,家政服务,通信部社区家政服务,复兴路20号东区50楼下平房,100840,66816240,　小时工、介绍保姆、清洗油烟机,9：00-18：00,家政服务
470,海淀区,万寿路街道,复兴路61号社区,家政服务,　复兴路乙59号,　复兴路61号,100036,68238104,,,家政服务
471,海淀区,万寿路街道,复兴路83号社区,家政服务,复兴路83号居委会,复兴路83号社区居委会,100039,66829609,介绍保姆、小时工,"上午9-11：30,下午1：30-5：30",家政服务
472,海淀区,万寿路街道,万寿路1号社区,家政服务,　治安、环境、社区关怀,海淀区万寿路1号21号楼地下室　,100036,51823744,　治安、巡逻、环境保洁、社区关怀,　9:00-18:00,家政服务
473,海淀区,万寿路街道,太平路24号社区,家政服务,太平路24号社区居委会,太平路24号1平房1号,100036,66860375,保姆、钟点工介绍、订牛奶服务。,根据需要,家政服务
474,海淀区,万寿路街道,太平路27号社区,家政服务,太平路27号社区服务站,太平路27号院西平房,100850,66874516,小时工、保母介绍,工作时间,家政服务
475,海淀区,万寿路街道,五棵松紫金长安社区,家政服务,　好运康,　西翠路17号院5号楼,100036,68134459,　家政服务,　周一-周五8：30-17：00,家政服务
476,海淀区,万寿路街道,朱各庄社区,家政服务,好运康家政服务中心　,万寿路4号院31楼-6-02　,100036,68134459,　家政服务,8:00-18:00　,家政服务
477,海淀区,万寿路街道,永定路西里社区,家政服务,　北京市三八家政服务中心万寿路分中心,　海淀区永定路西里万寿路街道社区服务中心一层东侧,100039,68219690,　居民家政服务，小时工等；,周一至周日9:00-17:00　,家政服务
478,海淀区,温泉镇,航材院社区,家政服务,　爱帮仁和家政服务公司,　太舟坞居委会旁边,100095,,　为社区居民提供家政服务,,家政服务
479,海淀区,西三旗街道,清景园社区,家政服务,　西三旗社区服务中心96156,　北京市海淀区清河永泰中路50号楼,100192,96156,　提供家政服务,　周一至周五,家政服务
480,海淀区,西三旗街道,育新花园社区,家政服务,　九通家政服务公司,　育新花园16号楼,100096,,　  家政服务,,家政服务
481,海淀区,香山街道,四王府社区,家政服务,香山红枫爱心家园服务队,香山鲍家窑9号,100093,62592833,　家庭保姆、小时工、月嫂、家教、送花、代买代购等服务。,　全天,家政服务
482,海淀区,学院路街道,768厂社区,家政服务,北京家福宁家政有限公司,北京市海淀区二里庄社区服务中心　,100083,62329603,家政服务、代理招聘、培训咨询、家电维修、厨卫维修、搬家货运、电脑维修、家居维修,8:30-17:00,家政服务
483,海淀区,学院路街道,林大社区,家政服务,北京家福宁家政有限公司,北京市海淀区二里庄社区服务中心,100083,62329603,家政服务、代理招聘、培训咨询、家电维修、厨卫维修、搬家货运、电脑维修、家居维修,8:30-17:00,家政服务
484,海淀区,学院路街道,二里庄社区,家政服务,北京家福宁家政有限公司,北京市海淀区二里庄社区服务中心　,100083,62329603,家政服务、代理招聘、培训咨询、家电维修、厨卫维修、搬家货运、电脑维修、家居维修,8:30-17:00,家政服务
485,海淀区,学院路街道,二里庄干休所社区,家政服务,北京家福宁家政有限公司,北京市海淀区二里庄社区服务中心　,100083,62329603,家政服务、代理招聘、培训咨询、家电维修、厨卫维修、搬家货运、电脑维修、家居维修,8:30-17:00,家政服务
486,海淀区,学院路街道,六道口社区,家政服务,北京家福宁家政有限公司,北京市海淀区二里庄社区服务中心　,100083,62329603,家政服务、代理招聘、培训咨询、家电维修、厨卫维修、搬家货运、电脑维修、家居维修,8:30-17:00,家政服务
487,海淀区,学院路街道,地大二社区,家政服务,北京市海淀区三八家务服务中心,北京市海淀区志新社区活动中心,100083,62311090,家政服务、月嫂服务、保洁服务、培训咨询、家教服务、职业介绍,9:00-17:00,家政服务
488,海淀区,学院路街道,北科大社区,家政服务,北京家福宁家政有限公司,北京市海淀区二里庄社区服务中心,100083,62329603,家政服务、代理招聘、培训咨询、家电维修、厨卫维修、搬家货运、电脑维修、家居维修,8:30-17:00,家政服务
489,海淀区,学院路街道,东王庄社区,家政服务,北京家福宁家政有限公司,北京市海淀区二里庄社区服务中心　,100083,62329603,家政服务、代理招聘、培训咨询、家电维修、厨卫维修、搬家货运、电脑维修、家居维修,8:30-17:00,家政服务
490,海淀区,学院路街道,健翔园社区,家政服务,北京市海淀区三八家务服务中心,北京市海淀区志新社区活动中心,100083,62311090,家政服务、月嫂服务、保洁服务、培训咨询、家教服务、职业介绍,9:00-17:00,家政服务
491,海淀区,学院路街道,城建四社区,家政服务,北京家福宁家政有限公司,北京市海淀区二里庄社区服务中心　,100083,62329603,家政服务、代理招聘、培训咨询、家电维修、厨卫维修、搬家货运、电脑维修、家居维修,8:30-17:00,家政服务
492,海淀区,学院路街道,矿大社区,家政服务,北京家福宁家政有限公司,北京市海淀区二里庄社区服务中心　,100083,62329603,家政服务、代理招聘、培训咨询、家电维修、厨卫维修、搬家货运、电脑维修、家居维修,8:30-17:00,家政服务
493,海淀区,学院路街道,地质大院第一社区,家政服务,地大院第一社区家政服务站,海淀区成府路20号眷七楼西侧,100083,82322540,保姆、小时工,上午：8：00-11:00  下午：14:00-17:00,家政服务
494,海淀区,学院路街道,静淑苑社区,家政服务,北京家福宁家政有限公司,北京市海淀区二里庄社区服务中心　,100083,62329603,家政服务、代理招聘、培训咨询、家电维修、厨卫维修、搬家货运、电脑维修、家居维修,8:30-17:00,家政服务
495,海淀区,学院路街道,建清园社区,家政服务,北京家福宁家政有限公司,北京市海淀区二里庄社区服务中心　,100083,62329603,家政服务、代理招聘、培训咨询、家电维修、厨卫维修、搬家货运、电脑维修、家居维修,8:30-17:00,家政服务
496,海淀区,学院路街道,富润社区,家政服务,北京家福宁家政有限公司,北京市海淀区二里庄社区服务中心　,100083,62329603,家政服务、代理招聘、培训咨询、家电维修、厨卫维修、搬家货运、电脑维修、家居维修,8:30-17:00,家政服务
497,海淀区,学院路街道,六道口社区,家政服务,北京家福宁家政有限公司,北京市海淀区二里庄社区服务中心　,100083,62329603,家政服务、代理招聘、培训咨询、家电维修、厨卫维修、搬家货运、电脑维修、家居维修,8:30-17:00,家政服务
498,海淀区,学院路街道,农大东区社区,家政服务,北京家福宁家政有限公司,北京市海淀区二里庄社区服务中心　,100083,62329603,家政服务、代理招聘、培训咨询、家电维修、厨卫维修、搬家货运、电脑维修、家居维修,8:30-17:00,家政服务
499,海淀区,学院路街道,展春园第一社区,家政服务,北京市海淀区三八家务服务中心,北京市海淀区志新社区活动中心,100083,62311090,家政服务、月嫂服务、保洁服务、培训咨询、家教服务、职业介绍,9:00-17:00,家政服务
500,海淀区,学院路街道,志新社区,家政服务,北京市海淀区三八家务服务中心,北京市海淀区志新社区活动中心,100083,62311090,家政服务、月嫂服务、保洁服务、培训咨询、家教服务、职业介绍,9:00-17:00,家政服务
501,海淀区,学院路街道,六道口第二社区,家政服务,北京家福宁家政有限公司,北京市海淀区二里庄社区服务中心　,100083,62329603,家政服务、代理招聘、培训咨询、家电维修、厨卫维修、搬家货运、电脑维修、家居维修,8:30-17:00,家政服务
502,海淀区,学院路街道,语言大学社区,家政服务,北京市海淀三八家务服务中心北语服务站,学院路15号北京语言大学17号楼国际留学生之家东侧,100083,82303116,住家服务员、小时工、保洁服务、病人护理、康复、月嫂服务、育婴服务,8:00-21:00,家政服务
503,海淀区,学院路街道,展春园第二社区,家政服务,北京市海淀区三八家务服务中心,北京市海淀区志新社区活动中心,100083,62311090,家政服务、月嫂服务、保洁服务、培训咨询、家教服务、职业介绍,9:00-17:00,家政服务
504,海淀区,学院路街道,中科院社区,家政服务,北京家福宁家政有限公司,北京市海淀区二里庄社区服务中心　,100083,62329603,家政服务、代理招聘、培训咨询、家电维修、厨卫维修、搬家货运、电脑维修、家居维修,8:30-17:00,家政服务
505,海淀区,学院路街道,学知园社区,家政服务,北京家福宁家政有限公司,北京市海淀区二里庄社区服务中心　,100083,62329603,家政服务、代理招聘、培训咨询、家电维修、厨卫维修、搬家货运、电脑维修、家居维修,8:30-17:00,家政服务
506,海淀区,学院路街道,逸成社区,家政服务,北京家福宁家政有限公司,北京市海淀区二里庄社区服务中心　,100083,62329603,家政服务、代理招聘、培训咨询、家电维修、厨卫维修、搬家货运、电脑维修、家居维修,8:30-17:00,家政服务
507,海淀区,学院路街道,西王庄社区,家政服务,北京家福宁家政有限公司,北京市海淀区二里庄社区服务中心　,100083,62329603,家政服务、代理招聘、培训咨询、家电维修、厨卫维修、搬家货运、电脑维修、家居维修,8:30-17:00,家政服务
508,海淀区,学院路街道,石油大院社区,家政服务,北京家福宁家政有限公司,北京市海淀区二里庄社区服务中心　,100083,62329603,家政服务、代理招聘、培训咨询、家电维修、厨卫维修、搬家货运、电脑维修、家居维修,8:30-17:00,家政服务
509,海淀区,学院路街道,石科院社区,家政服务,北京家福宁家政有限公司,北京市海淀区二里庄社区服务中心　,100083,62329603,家政服务、代理招聘、培训咨询、家电维修、厨卫维修、搬家货运、电脑维修、家居维修,8:30-17:00,家政服务
510,海淀区,学院路街道,十五所社区,家政服务,北京市海淀区三八家务服务中心,北京市海淀区志新社区活动中心,100083,62311090,家政服务、月嫂服务、保洁服务、培训咨询、家教服务、职业介绍,9:00-17:00,家政服务
511,海淀区,燕园街道,中关园社区,家政服务,北京市三八服务中心燕园分部,中关园501楼南侧,100080,62752492、62754421,小时工、保姆、育婴嫂、护工、专业保洁,8:30- 18:00,家政服务
512,海淀区,羊坊店街道,吴家村路十号院社区,家政服务,嘉和德奎家庭服务中心,海淀区吴家村路十号院12-13号楼中间,,,,,家政服务
513,海淀区,羊坊店街道,勘测社区,家政服务,乐助友家政,海淀区羊坊店村5号丙楼2门3号,100038,63961922,小时工、保姆,每周全天,家政服务
514,海淀区,羊坊店街道,电信局社区,家政服务,会城门爱心家园,北蜂窝路东侧,100038,63329927,家政服务,"周一—周五8：30-11:30,14:00-17-00",家政服务
515,海淀区,羊坊店街道,普惠寺社区,家政服务,爱家洁,普惠南里14号楼地下一层,100036,68159543,小时工、家庭保姆,24小时,家政服务
516,海淀区,羊坊店街道,小马厂社区,家政服务,便民家政,社区内,100038,15510373497,家政服务,24小时,家政服务
517,海淀区,羊坊店街道,有色设计院社区,家政服务,天下椿萱家政服务,羊坊店路16号14-1,100038,63983972,家政服务,9：00-17：:0,家政服务
518,海淀区,永定路街道,二街坊西社区,家政服务,首航旅馆家政服务,永定路５７号220楼北平房,100039,68385008,　家政服务介绍,　周一至周五,家政服务
519,海淀区,中关村街道,东里北社区,家政服务,诚友情,双榆树东里10楼107　,100086,13717772996,　家政服务,8：30-11：30,家政服务
520,海淀区,中关村街道,东里南社区,家政服务,　北京诚友情家政公司,　双榆树东里10号楼,100086,82114282,　保姆 小时工 介绍,　周一至周日,家政服务
521,海淀区,中关村街道,太阳园社区,家政服务,北京洁雅恒源清洁服务有限责任公司,太阳园社区3号楼负一层,100098,82139960,根据住户需要入户进行家政服务。,根据住户要求,家政服务
522,海淀区,中关村街道,新科祥园社区,家政服务,北京裕展物业管理有限公司新科祥园项目部,中关村科学院南路新科祥园1号楼半地下,100190,82521118,　根据住户需要入户进行家政服务。,根据住户要求,家政服务
523,海淀区,紫竹院街道,厂洼社区,家政服务,　海花月嫂家政公司,　   厂洼东二街,100044,6845.9951,介绍小时工、保姆,周一至周五,家政服务
524,海淀区,紫竹院街道,北外社区,家政服务,北外家政服务,北外西院11-4-201　,100089,88816510,　              综   合,,家政服务
525,海淀区,紫竹院街道,厂洼二社区,家政服务,海花家政服务　,　三虎桥,,,　家政服务,周一至周日,家政服务
526,海淀区,紫竹院街道,兵器社区,家政服务,兵器社区服务站,车道沟十号院五塔北侧平房,100089,68962737,为居民的家庭服务需求提供信息,　全天,家政服务
527,海淀区,紫竹院街道,航五院社区,家政服务,海花诚挚月嫂家政服务中心,车公庄西路45号院花园写字楼,,68459551,代请保姆、代办购物、请小时工,周一至周日,家政服务
528,海淀区,北太平庄街道,罗庄东里社区,家政服务,　彩虹保洁公司,　罗庄东里西门,100088,82359759,　保洁、家政,8:30-11:30，14:00-17:00,家政服务
529,海淀区,北太平庄街道,锦秋知春,家政服务,北太平庄社区服务中心,北京市海淀区北太平庄红联南村甲1号,100088,62228044,为各社区输出、介绍家政服务、收集社区家政需求，培训家政服务员,　8:30-11:30，2:00-5:00,家政服务
530,海淀区,北太平庄街道,罗庄社区,家政服务,北太街道服务中心,海淀区文慧园路68号,100082,62245647,家政服务,全天,家政服务
531,海淀区,北太平庄街道,蓟门里社区,家政服务,北太平庄社区服务中心,北京市海淀区北太平庄红联南村甲1号,100088,62228044,为各社区输出、介绍家政服务、收集社区家政需求，培训家政服务员,8:00-11:30，14:00-18:00,家政服务
532,海淀区,北太平庄街道,今典花园社区,家政服务,　今典花园社区家政服务站,　文慧园北路9号今典花园1-111,100082,62243782,　提供小时工、保姆介绍,　周一到周五8:30—5:00,家政服务
533,海淀区,北太平庄街道,明光北里社区,家政服务,　爱侬情缘家政,北三环西路明光北里甲一号,100088,62237426/62225146,　提供保姆、提供月嫂、保洁服务、钟点工、病人陪护,　8：30至下午5：00,家政服务
534,海淀区,北太平庄街道,太月园社区,家政服务,　北太平庄社区服务中心,　红联南村5号,100088,62224975,　家政、综合维修、文体娱乐、休闲健身,　全天,家政服务
535,海淀区,北太平庄街道,新外大街3号社区,家政服务,　北太平庄社区服务中心,　文慧园路68号,100082,82210642,　介绍小时工、家政服务,,家政服务
536,海淀区,北太平庄街道,索家坟第二社区,家政服务,北京市爱侬家政服务有限责任公司海淀西直门分部,索家坟2号29楼7门,100082,62258761,家庭劳务,,家政服务
537,海淀区,北太平庄街道,首都体院社区,家政服务,北太平庄服务中心,北京市海淀区北太平庄红联南村甲 1 号,100088,62228044,介绍家政服务，给失业和再就业人员培训，提供就业信息，为所需家庭提供输入输出。,8:30-11:30，2:30-5:30,家政服务
538,海淀区,北太平庄街道,新外大街3号社区,家政服务,　北太平庄社区服务中心,　文慧园路68号,100082,82210642,　介绍小时工、家政服务,,家政服务
